#,Team,Name,Average Sofascore rating,Goals,Big chances missed,Succ. dribbles,Successful dribbles %,Total shots,Shots on target,Shots off target,Blocked shots,Goal conversion %,Penalties taken,Penalty goals,Penalty won,Shots from set piece,Free kick goals,Goals from inside the box,Goals from outside the box,Headed goals,Left foot goals,Right foot goals,Hit woodwork,Offsides,Penalty conversion,Set piece conversion %
1,Al Ahly FC,Akram Tawfik,7.66,1,0,10,55.56,1,1,0,0,100.0,0,0,1,0,0,1,0,0,1,0,0,0,0.0,0.0
2,Al Ahly FC,Ali Maâloul,7.55,8,0,15,65.22,18,9,5,4,44.44,6,6,0,3,1,6,2,0,8,0,1,6,100.0,33.33
3,Haras El Hedoud,Karim Emad,7.50,0,0,0,0.0,0,0,0,0,0.0,0,0,0,0,0,0,0,0,0,0,0,0,0.0,0.0
4,Zamalek SC,Zizo,7.37,13,7,53,42.4,89,29,42,18,14.61,10,4,1,15,3,9,4,1,0,12,3,13,40.0,20.0
5,Pyramids FC,Mohamed Chibi,7.33,0,0,11,68.75,12,3,3,6,0.0,0,0,0,2,0,0,0,0,0,0,0,2,0.0,0.0
6,Al-Masry,Hossam Hassan,7.30,0,0,1,100.0,1,1,0,0,0.0,0,0,0,0,0,0,0,0,0,0,0,0,0.0,0.0
7,Pyramids FC,Osama Galal,7.29,1,0,5,71.43,8,2,5,1,12.5,0,0,0,0,0,1,0,0,1,0,0,0,0.0,0.0
8,Zamalek SC,Emam Ashour,7.28,2,2,20,44.44,43,15,16,12,4.65,0,0,0,1,0,1,1,0,0,2,1,1,0.0,0.0
9,Al Ahly FC,Mohamed Magdy Afsha,7.26,3,1,18,56.25,49,20,21,8,6.12,2,0,0,1,0,2,1,0,1,2,2,4,0.0,0.0
10,Al-Masry,Elyes Jelassi,7.25,5,0,53,63.1,37,15,11,11,13.51,5,5,0,12,0,5,0,0,0,5,0,3,100.0,0.0
11,El Dakhlya,Samir Fekri,7.25,9,4,27,43.55,57,25,19,13,15.79,5,5,1,4,0,7,2,0,2,7,1,5,100.0,0.0
12,Smouha,Hossam Hassan,7.23,7,1,5,33.33,55,24,21,10,12.73,2,2,1,0,0,7,0,1,0,6,2,9,100.0,0.0
13,Al Ahly FC,Amr El-Solia,7.21,4,1,4,25.0,26,7,12,7,15.38,2,2,0,0,0,3,1,1,0,3,0,0,100.0,0.0
14,ENPPI,Abdelrahman Samir,7.20,0,0,0,0.0,0,0,0,0,0.0,0,0,0,0,0,0,0,0,0,0,0,0,0.0,0.0
15,Smouha,Ahmed Abdel Aziz,7.20,0,0,0,0.0,0,0,0,0,0.0,0,0,0,0,0,0,0,0,0,0,0,0,0.0,0.0
16,Modern Future FC,Mohanad Lasheen,7.19,1,0,18,50.0,20,3,11,6,5.0,1,1,0,1,0,1,0,0,0,1,1,0,100.0,0.0
17,Al Ahly FC,Aliou Dieng,7.19,2,0,27,72.97,19,8,4,7,10.53,0,0,0,0,0,2,0,0,0,2,0,1,0.0,0.0
18,Al Ahly FC,Mohamed Hany,7.18,0,0,8,40.0,17,5,4,8,0.0,0,0,1,0,0,0,0,0,0,0,0,3,0.0,0.0
19,Al-Masry,Essam Tharwat,7.18,0,0,0,0.0,0,0,0,0,0.0,0,0,0,0,0,0,0,0,0,0,0,0,0.0,0.0
20,Ghazl El Mahalla,Ahmed El Sheikh,7.16,10,2,30,62.5,65,29,28,8,15.38,4,4,2,11,0,9,1,1,0,9,1,16,100.0,0.0
21,Pyramids FC,Ali Gabr,7.15,1,3,1,100.0,13,6,7,0,7.69,0,0,0,0,0,1,0,0,0,1,0,2,0.0,0.0
22,Al Ahly FC,Mahmoud Metwaly,7.13,1,0,1,100.0,8,2,5,1,12.5,0,0,0,0,0,1,0,1,0,0,0,0,0.0,0.0
23,Al Ahly FC,Marwan Attia,7.13,1,1,11,55.0,51,12,18,21,1.96,0,0,0,0,0,1,0,0,0,1,1,3,0.0,0.0
24,Al Ahly FC,Mohamed El-Shenawy,7.13,0,0,0,0.0,0,0,0,0,0.0,0,0,0,0,0,0,0,0,0,0,0,0,0.0,0.0
25,Al Ahly FC,Ali Lotfi,7.13,0,0,0,0.0,0,0,0,0,0.0,0,0,0,0,0,0,0,0,0,0,0,0,0.0,0.0
26,Zamalek SC,Mohamed Awad,7.12,0,0,0,0.0,0,0,0,0,0.0,0,0,0,0,0,0,0,0,0,0,0,0,0.0,0.0
27,Modern Future FC,Basem Ali,7.12,2,1,10,55.56,11,5,4,2,18.18,0,0,0,0,0,2,0,0,1,1,0,1,0.0,0.0
28,Al Ahly FC,Hussein El Shahat,7.11,4,3,14,32.56,38,14,13,11,10.53,2,0,2,0,0,3,1,0,0,4,1,8,0.0,0.0
29,Zamalek SC,Mahmoud Hamdi,7.10,1,0,0,0.0,3,1,2,0,33.33,0,0,0,0,0,1,0,1,0,0,0,0,0.0,0.0
30,Pharco FC,Mahmoud El Sayed,7.10,0,0,0,0.0,0,0,0,0,0.0,0,0,0,0,0,0,0,0,0,0,0,0,0.0,0.0
31,Modern Future FC,Mahmoud Marei,7.09,0,0,7,63.64,1,0,1,0,0.0,0,0,0,0,0,0,0,0,0,0,1,0,0.0,0.0
32,Al Ahly FC,Mohamed Abdelmonem,7.09,0,0,7,70.0,8,0,7,1,0.0,0,0,0,0,0,0,0,0,0,0,0,0,0.0,0.0
33,Zamalek SC,Ahmed Fatouh,7.09,2,0,17,56.67,7,3,1,3,28.57,0,0,1,0,0,1,1,0,0,2,0,0,0.0,0.0
34,Modern Future FC,Joseph Jonathan Ngwem,7.08,2,0,10,47.62,19,4,8,7,10.53,0,0,0,4,0,2,0,0,2,0,1,5,0.0,0.0
35,Pyramids FC,Mahmoud Saber,7.08,2,0,1,25.0,12,5,4,3,16.67,0,0,0,0,0,0,1,0,1,0,1,4,0.0,0.0
36,Zamalek SC,Hossam Abdelmaguid,7.08,3,0,2,40.0,18,7,8,3,16.67,0,0,0,0,0,3,0,3,0,0,0,0,0.0,0.0
37,Al Ahly FC,Karim Fouad,7.08,2,3,11,61.11,18,7,7,4,11.11,0,0,1,1,0,2,0,0,0,2,1,3,0.0,0.0
38,Pyramids FC,Walid El Karti,7.07,2,1,7,25.0,22,5,12,5,9.09,0,0,0,0,0,2,0,1,1,0,0,4,0.0,0.0
39,El Dakhlya,Mohamed Magdi Abdel Fattah,7.07,0,0,0,0.0,0,0,0,0,0.0,0,0,0,0,0,0,0,0,0,0,0,0,0.0,0.0
40,Al Ahly FC,Hamdi Fathi,7.06,1,0,1,25.0,17,3,8,6,5.88,0,0,0,0,0,1,0,0,0,1,1,0,0.0,0.0
41,Al-Ittihad Alexandria,Mabululu,7.06,16,6,20,51.28,69,27,33,9,23.19,3,1,1,0,0,14,2,4,5,7,2,13,33.33,0.0
42,Pyramids FC,Abdallah El-Said,7.06,1,0,12,42.86,25,5,9,11,4.0,0,0,0,2,0,1,0,0,0,1,0,4,0.0,0.0
43,Al-Mokawloon,Mahmoud Abou El-Saoud,7.06,0,0,0,0.0,0,0,0,0,0.0,0,0,0,0,0,0,0,0,0,0,0,0,0.0,0.0
44,Modern Future FC,Mahmoud Genesh,7.05,0,0,0,0.0,0,0,0,0,0.0,0,0,0,0,0,0,0,0,0,0,0,0,0.0,0.0
45,ENPPI,Mohamed Ismail,7.05,0,0,2,100.0,1,0,1,0,0.0,0,0,0,0,0,0,0,0,0,0,0,0,0.0,0.0
46,Haras El Hedoud,Ibrahim El Kadi,7.05,1,0,13,81.25,11,4,6,1,9.09,0,0,0,0,0,1,0,1,0,0,0,1,0.0,0.0
47,Ceramica Cleopatra,Ragab Nabil,7.05,2,2,2,100.0,13,5,7,1,15.38,1,1,0,0,0,2,0,1,0,1,1,0,100.0,0.0
48,Ceramica Cleopatra,Mohamed Shokry,7.04,1,0,24,53.33,27,4,10,13,3.7,0,0,0,7,0,0,1,0,1,0,0,5,0.0,0.0
49,Al-Ittihad Alexandria,Mahmoud Alaa,7.04,4,7,0,0.0,24,10,8,6,16.67,3,1,0,0,0,4,0,1,0,3,0,5,33.33,0.0
50,Al-Mokawloon,Omar Fayed,7.03,0,0,19,82.61,8,0,6,2,0.0,0,0,0,0,0,0,0,0,0,0,0,0,0.0,0.0
51,Ismaily,Mohamed Fawzi,7.02,0,0,0,0.0,0,0,0,0,0.0,0,0,0,0,0,0,0,0,0,0,0,0,0.0,0.0
52,Modern Future FC,Nasser Maher,7.01,1,1,22,55.0,29,15,8,6,3.45,0,0,0,1,0,0,1,0,0,1,1,2,0.0,0.0
53,ENPPI,Ahmed Kalosha,7.01,2,3,6,60.0,16,3,11,2,12.5,0,0,0,0,0,2,0,2,0,0,2,1,0.0,0.0
54,Haras El Hedoud,Mohamed Reda,7.00,0,0,17,70.83,15,8,5,2,0.0,0,0,0,0,0,0,0,0,0,0,2,1,0.0,0.0
55,Pyramids FC,Ahmed El-Shenawy,7.00,0,0,0,0.0,0,0,0,0,0.0,0,0,0,0,0,0,0,0,0,0,0,0,0.0,0.0
56,Pyramids FC,Mahmoud Ooka,7.00,0,0,0,0.0,0,0,0,0,0.0,0,0,0,0,0,0,0,0,0,0,0,0,0.0,0.0
57,Al-Masry,Adnan Osman,7.00,0,0,0,0.0,0,0,0,0,0.0,0,0,0,0,0,0,0,0,0,0,0,0,0.0,0.0
58,Haras El Hedoud,Ramzi Khaled,7.00,0,0,1,50.0,0,0,0,0,0.0,0,0,0,0,0,0,0,0,0,0,0,0,0.0,0.0
59,Al Ahly FC,Mostafa Shobeir,7.00,0,0,0,0.0,0,0,0,0,0.0,0,0,0,0,0,0,0,0,0,0,0,0,0.0,0.0
60,Al-Mokawloon,Ahmed Eid,7.00,0,0,0,0.0,0,0,0,0,0.0,0,0,0,0,0,0,0,0,0,0,0,0,0.0,0.0
61,Tala'ea El-Gaish,Karim Halawa,7.00,0,0,1,25.0,1,0,1,0,0.0,0,0,0,0,0,0,0,0,0,0,0,0,0.0,0.0
62,Al-Mokawloon,Omar Fathi,7.00,5,2,24,51.06,49,19,16,14,10.2,1,0,1,11,1,3,2,0,0,5,0,4,0.0,9.09
63,Pyramids FC,Ramadan Sobhi,6.99,6,3,18,42.86,24,9,9,6,25.0,2,1,0,0,0,6,0,0,1,5,0,5,50.0,0.0
64,Ceramica Cleopatra,Mohamed Bassam,6.99,0,0,2,66.67,0,0,0,0,0.0,0,0,0,0,0,0,0,0,0,0,0,0,0.0,0.0
65,Ismaily,Serge Aka,6.99,0,0,16,72.73,8,2,4,2,0.0,0,0,0,1,0,0,0,0,0,0,0,1,0.0,0.0
66,Al-Masry,Mohamed Dabash,6.99,1,0,2,100.0,4,2,2,0,25.0,0,0,0,0,0,1,0,1,0,0,0,0,0.0,0.0
67,Al-Masry,Hussein Sayed,6.99,0,0,14,66.67,24,7,14,3,0.0,0,0,1,3,0,0,0,0,0,0,0,3,0.0,0.0
68,ENPPI,Reda Sayed,6.99,0,0,1,100.0,0,0,0,0,0.0,0,0,0,0,0,0,0,0,0,0,0,0,0.0,0.0
69,Modern Future FC,Mahmoud Hamdy,6.99,0,0,0,0.0,0,0,0,0,0.0,0,0,0,0,0,0,0,0,0,0,0,0,0.0,0.0
70,ENPPI,Ahmed Amin Oufa,6.98,10,5,29,48.33,61,24,28,9,16.39,0,0,0,0,0,10,0,0,7,3,0,20,0.0,0.0
71,Al-Ittihad Alexandria,Mahdi Soliman,6.98,0,0,1,100.0,0,0,0,0,0.0,0,0,0,0,0,0,0,0,0,0,0,0,0.0,0.0
72,Tala'ea El-Gaish,Abdel Rahman Shika,6.98,0,0,17,68.0,6,1,2,3,0.0,0,0,0,0,0,0,0,0,0,0,0,0,0.0,0.0
73,Ghazl El Mahalla,Moaz El Henawy,6.98,2,0,4,80.0,14,5,6,3,14.29,1,1,0,0,0,2,0,1,0,1,0,0,100.0,0.0
74,Pyramids FC,Islam Issa,6.98,5,1,15,55.56,31,12,11,8,16.13,0,0,1,0,0,5,0,1,0,4,0,2,0.0,0.0
75,Zamalek SC,Mohamed Abdelghani,6.97,1,1,5,83.33,7,2,5,0,14.29,0,0,0,0,0,1,0,1,0,0,0,1,0.0,0.0
76,Al Ahly FC,Yasser Ibrahim,6.97,1,0,3,75.0,8,2,5,1,12.5,0,0,0,0,0,1,0,1,0,0,0,0,0.0,0.0
77,Ceramica Cleopatra,Mohamed Adel,6.97,1,2,22,70.97,12,5,4,3,8.33,0,0,0,1,0,1,0,1,0,0,2,0,0.0,0.0
78,Pyramids FC,Ibrahim Blati Toure,6.97,3,1,22,57.89,24,3,11,10,12.5,0,0,0,0,0,3,0,0,0,3,0,1,0.0,0.0
79,Smouha,Mohamed El Sabahi,6.97,1,0,10,58.82,9,3,3,3,11.11,0,0,0,2,0,1,0,0,0,1,0,0,0.0,0.0
80,Ismaily,Omar El Wahsh,6.96,0,0,9,69.23,6,0,5,1,0.0,0,0,0,2,0,0,0,0,0,0,0,0,0.0,0.0
81,Zamalek SC,Ahmed Belhadji,6.96,4,2,14,30.43,28,12,10,6,14.29,5,1,1,3,0,3,0,0,0,3,0,4,20.0,0.0
82,Al Ahly FC,Rami Rabia,6.96,0,0,7,87.5,3,1,2,0,0.0,0,0,0,0,0,0,0,0,0,0,0,0,0.0,0.0
83,El Dakhlya,Kamal Aboul-Fetouh,6.96,1,0,7,77.78,5,1,4,0,20.0,0,0,0,0,0,1,0,1,0,0,0,0,0.0,0.0
84,Modern Future FC,Ali El Fil,6.96,0,1,2,100.0,7,1,6,0,0.0,0,0,0,0,0,0,0,0,0,0,0,0,0.0,0.0
85,Ceramica Cleopatra,Mohamed Toni,6.96,0,0,8,80.0,15,7,6,2,0.0,0,0,0,2,0,0,0,0,0,0,0,0,0.0,0.0
86,Al-Mokawloon,Farouck Kabore,6.95,1,3,7,70.0,20,5,12,3,5.0,0,0,0,1,0,1,0,1,0,0,1,1,0.0,0.0
87,Aswan SC,Mohamed Hamdy Zaki,6.95,12,6,10,28.57,88,26,36,26,13.64,4,2,0,6,0,11,1,1,2,9,3,30,50.0,0.0
88,Ghazl El Mahalla,Mostafa El Aash,6.95,1,0,10,47.62,12,1,7,4,8.33,0,0,0,0,0,1,0,0,1,0,1,1,0.0,0.0
89,Pyramids FC,Mostafa Fathy,6.95,9,8,33,38.37,71,27,27,17,12.68,1,0,0,0,0,7,2,1,7,1,2,19,0.0,0.0
90,El Dakhlya,Ahmed El Amour,6.95,0,0,1,100.0,0,0,0,0,0.0,0,0,0,0,0,0,0,0,0,0,0,0,0.0,0.0
91,National Bank of Egypt,Mohamed Abou Gabal,6.95,0,0,0,0.0,0,0,0,0,0.0,0,0,0,0,0,0,0,0,0,0,0,0,0.0,0.0
92,Pharco FC,Abdallah Bakri,6.95,1,0,3,75.0,9,5,4,0,11.11,0,0,0,1,0,1,0,1,0,0,0,1,0.0,0.0
93,Zamalek SC,Nabil Donga,6.95,0,0,7,53.85,27,4,18,5,0.0,0,0,0,0,0,0,0,0,0,0,1,0,0.0,0.0
94,Zamalek SC,Mostafa Shalaby,6.95,2,2,40,57.14,29,7,11,11,6.9,1,1,3,0,0,1,1,0,0,2,0,9,100.0,0.0
95,Ghazl El Mahalla,Himid Mao Mkami,6.94,0,0,7,53.85,14,1,8,5,0.0,0,0,0,0,0,0,0,0,0,0,0,1,0.0,0.0
96,Al-Masry,Islam Abou-Salima,6.94,1,2,0,0.0,11,4,7,0,9.09,0,0,0,0,0,1,0,1,0,0,0,3,0.0,0.0
97,Zamalek SC,Mahmoud Shabana,6.94,1,1,0,0.0,7,2,4,1,14.29,0,0,0,0,0,1,0,1,0,0,0,1,0.0,0.0
98,Tala'ea El-Gaish,Mahmoud Wadi,6.94,4,2,3,30.0,32,10,17,5,12.5,1,1,0,0,0,4,0,2,0,2,0,2,100.0,0.0
99,Zamalek SC,Mohamed Sobhi,6.93,0,0,0,0.0,0,0,0,0,0.0,0,0,0,0,0,0,0,0,0,0,0,0,0.0,0.0
100,Modern Future FC,Marwan Mohsen,6.93,6,3,3,37.5,33,19,12,2,18.18,4,2,1,1,0,6,0,1,1,4,0,7,50.0,0.0
101,Zamalek SC,Hamza Mathlouthi,6.93,0,0,6,60.0,12,3,6,3,0.0,0,0,1,0,0,0,0,0,0,0,0,1,0.0,0.0
102,Smouha,Sherif Reda,6.93,1,0,27,54.0,19,7,7,5,5.26,0,0,0,5,0,1,0,0,0,1,1,2,0.0,0.0
103,Ismaily,Mohamed Hassan,6.93,0,0,23,63.89,10,2,6,2,0.0,0,0,0,0,0,0,0,0,0,0,0,0,0.0,0.0
104,National Bank of Egypt,Mohamed Helal,6.92,6,4,9,30.0,39,16,18,5,15.38,5,5,0,8,0,5,1,0,0,6,1,9,100.0,0.0
105,Al-Ittihad Alexandria,Sabri Raheel,6.92,0,0,11,52.38,9,2,5,2,0.0,0,0,0,6,0,0,0,0,0,0,0,6,0.0,0.0
106,Pyramids FC,Mohamed Hamdi,6.92,2,2,7,33.33,21,4,13,4,9.52,0,0,0,0,0,2,0,1,1,0,1,10,0.0,0.0
107,Haras El Hedoud,Mohamed Fawzi,6.92,0,0,1,100.0,0,0,0,0,0.0,0,0,0,0,0,0,0,0,0,0,0,0,0.0,0.0
108,Haras El Hedoud,Mahmoud Ben Wali,6.92,1,3,2,33.33,24,8,11,5,4.17,0,0,0,0,0,1,0,1,0,0,2,0,0.0,0.0
109,Al-Ittihad Alexandria,Hisham Salah,6.91,0,0,15,46.88,16,1,13,2,0.0,0,0,0,0,0,0,0,0,0,0,1,0,0.0,0.0
110,Pyramids FC,Ahmed Samy,6.91,0,2,4,100.0,13,3,10,0,0.0,0,0,1,0,0,0,0,0,0,0,1,2,0.0,0.0
111,Al Ahly FC,Khaled Abdelfattah,6.91,0,1,21,44.68,7,1,6,0,0.0,0,0,0,0,0,0,0,0,0,0,0,4,0.0,0.0
112,Al-Mokawloon,Ahmed Atef,6.91,0,0,30,53.57,17,6,5,6,0.0,0,0,1,0,0,0,0,0,0,0,0,0,0.0,0.0
113,Ismaily,Ahmed Adel,6.91,0,0,0,0.0,0,0,0,0,0.0,0,0,0,0,0,0,0,0,0,0,0,0,0.0,0.0
114,Ceramica Cleopatra,Ahmed Yasser Rayan,6.91,8,7,22,48.89,80,28,36,16,10.0,0,0,0,2,0,8,0,3,1,4,0,11,0.0,0.0
115,Pyramids FC,Karim Hafez,6.91,2,0,8,57.14,7,0,6,1,28.57,0,0,1,0,0,0,0,0,0,0,0,3,0.0,0.0
116,Tala'ea El-Gaish,Ahmed Samir,6.91,4,3,17,54.84,40,13,21,6,10.0,3,1,0,4,0,3,1,0,3,1,0,8,33.33,0.0
117,Pharco FC,Rami Sabri,6.91,2,0,3,75.0,10,3,5,2,20.0,1,1,0,0,0,2,0,1,0,1,1,0,100.0,0.0
118,Haras El Hedoud,Ahmed Shedid Kenawi,6.90,0,0,5,55.56,4,1,2,1,0.0,0,0,0,1,0,0,0,0,0,0,0,0,0.0,0.0
119,Al-Mokawloon,Ahmed Alaa Eldin,6.90,1,4,13,72.22,26,8,12,6,3.85,2,1,0,1,0,1,0,0,0,1,1,4,50.0,0.0
120,Pharco FC,Rezki Hamroune,6.90,8,4,31,50.82,46,22,15,9,17.39,4,2,0,3,0,8,0,0,1,7,1,3,50.0,0.0
121,Ceramica Cleopatra,Seif Teka,6.90,2,1,0,0.0,9,3,6,0,22.22,0,0,0,0,0,2,0,2,0,0,0,0,0.0,0.0
122,Al-Ittihad Alexandria,Omar Fathy,6.90,0,0,0,0.0,0,0,0,0,0.0,0,0,0,0,0,0,0,0,0,0,0,0,0.0,0.0
123,Pyramids FC,Ahmed Fathi,6.90,0,0,5,83.33,4,1,2,1,0.0,0,0,0,0,0,0,0,0,0,0,0,0,0.0,0.0
124,Ismaily,Abdallah El Saeed,6.90,0,0,0,0.0,0,0,0,0,0.0,0,0,0,0,0,0,0,0,0,0,0,0,0.0,0.0
125,El Dakhlya,Salah Yehia,6.90,0,0,0,0.0,1,1,0,0,0.0,0,0,0,0,0,0,0,0,0,0,0,0,0.0,0.0
126,Ismaily,Mostafa Fares,6.90,0,0,1,100.0,0,0,0,0,0.0,0,0,0,0,0,0,0,0,0,0,0,0,0.0,0.0
127,National Bank of Egypt,Ahmed Sobhi,6.90,0,0,0,0.0,0,0,0,0,0.0,0,0,0,0,0,0,0,0,0,0,0,0,0.0,0.0
128,Ceramica Cleopatra,Ahmed Hany,6.90,0,0,12,63.16,5,1,3,1,0.0,0,0,0,0,0,0,0,0,0,0,0,1,0.0,0.0
129,Aswan SC,Raphael Ayagwa,6.90,0,0,10,62.5,19,3,13,3,0.0,0,0,0,0,0,0,0,0,0,0,0,0,0.0,0.0
130,Aswan SC,Mido Mostafa,6.90,1,1,24,63.16,16,4,7,5,6.25,0,0,0,0,0,1,0,1,0,0,0,1,0.0,0.0
131,Ismaily,Baher El Mohamady,6.90,2,1,6,66.67,12,4,8,0,16.67,2,1,0,1,0,2,0,0,1,1,1,0,50.0,0.0
132,Ismaily,Abdel Rahman Magdi,6.89,1,0,23,47.92,37,7,16,14,2.7,0,0,0,5,0,1,0,0,1,0,1,4,0.0,0.0
133,ENPPI,Ali Fawzi,6.89,4,0,14,40.0,26,7,8,11,15.38,3,3,0,3,0,4,0,0,1,3,0,2,100.0,0.0
134,Al-Masry,Imadeddine Boubekeur,6.89,0,0,2,100.0,11,2,5,4,0.0,0,0,0,0,0,0,0,0,0,0,0,0,0.0,0.0
135,Al Ahly FC,Kahraba,6.89,7,7,2,18.18,32,19,10,3,21.88,0,0,1,1,0,6,1,2,2,3,1,13,0.0,0.0
136,ENPPI,Ahmed El Agouz,6.89,2,0,2,40.0,8,2,6,0,25.0,0,0,0,0,0,1,1,0,0,2,0,0,0.0,0.0
137,Al-Ittihad Alexandria,Abdallah Nasib,6.89,1,1,0,0.0,4,1,3,0,25.0,0,0,0,0,0,1,0,1,0,0,0,0,0.0,0.0
138,Al-Mokawloon,Abdelrahman Khaled Gebna,6.89,5,1,13,41.94,35,10,17,8,14.29,0,0,0,2,1,3,2,0,1,4,1,2,0.0,50.0
139,Al-Ittihad Alexandria,Khaled El Ghandour,6.89,2,4,10,50.0,35,11,11,13,5.71,0,0,1,3,0,1,1,0,1,1,1,1,0.0,0.0
140,Zamalek SC,Ibrahima Ndiaye,6.89,4,4,17,45.95,25,10,12,3,16.0,0,0,0,0,0,4,0,1,3,0,2,4,0.0,0.0
141,National Bank of Egypt,Mahmoud El-Gazzar,6.88,0,0,6,85.71,4,0,4,0,0.0,0,0,0,0,0,0,0,0,0,0,0,1,0.0,0.0
142,National Bank of Egypt,Mahmoud Kaoud,6.88,4,3,6,40.0,36,11,23,2,11.11,0,0,0,0,0,4,0,0,2,2,0,5,0.0,0.0
143,Zamalek SC,Mostafa El Zenary,6.88,0,0,3,60.0,4,1,3,0,0.0,0,0,0,0,0,0,0,0,0,0,0,0,0.0,0.0
144,Modern Future FC,Ahmed Refaat,6.88,0,0,7,46.67,7,2,2,3,0.0,0,0,0,1,0,0,0,0,0,0,1,2,0.0,0.0
145,Ceramica Cleopatra,Marouane Sahraoui,6.88,0,0,0,0.0,2,0,2,0,0.0,0,0,0,0,0,0,0,0,0,0,0,1,0.0,0.0
146,Pharco FC,Mahmoud Hamada,6.88,3,0,18,51.43,17,5,8,4,17.65,0,0,0,1,0,2,1,1,1,1,0,4,0.0,0.0
147,Al-Masry,Amr Moussa,6.88,0,0,6,60.0,5,0,4,1,0.0,0,0,0,0,0,0,0,0,0,0,0,1,0.0,0.0
148,Modern Future FC,Omar Kamal,6.88,3,0,19,54.29,17,4,5,8,17.65,0,0,0,0,0,3,0,1,0,2,0,5,0.0,0.0
149,Al Ahly FC,Taher Mohamed,6.88,3,1,14,35.9,20,8,10,2,15.0,1,1,1,1,0,3,0,0,1,2,0,2,100.0,0.0
150,ENPPI,Ahmed Sebiha,6.88,0,0,3,100.0,4,0,4,0,0.0,0,0,0,0,0,0,0,0,0,0,0,0,0.0,0.0
151,Al Ahly FC,Mohamed Sherif,6.88,11,8,12,54.55,58,25,20,13,18.97,0,0,0,1,0,11,0,2,3,6,1,33,0.0,0.0
152,Haras El Hedoud,Islam Abdallah,6.88,1,0,1,20.0,3,1,1,1,33.33,0,0,0,0,0,1,0,0,0,1,0,0,0.0,0.0
153,Ismaily,Mohamed Nasr,6.88,0,0,3,100.0,3,1,2,0,0.0,0,0,0,0,0,0,0,0,0,0,0,0,0.0,0.0
154,National Bank of Egypt,Mohamed Fathi,6.87,1,0,9,81.82,14,3,6,5,7.14,0,0,0,0,0,1,0,1,0,0,0,0,0.0,0.0
155,Modern Future FC,Saad Samir,6.87,0,0,3,50.0,1,0,0,1,0.0,0,0,1,0,0,0,0,0,0,0,0,0,0.0,0.0
156,National Bank of Egypt,Saidou Simpore,6.87,1,0,5,83.33,7,2,2,3,14.29,0,0,0,0,0,1,0,1,0,0,0,0,0.0,0.0
157,Al-Mokawloon,Luis Hinestroza,6.87,0,3,13,35.14,17,6,8,3,0.0,0,0,0,0,0,0,0,0,0,0,0,9,0.0,0.0
158,Pyramids FC,Fagrie Lakay,6.87,10,8,13,46.43,48,19,18,11,20.83,3,2,0,1,0,9,1,0,0,10,1,13,66.67,0.0
159,El Dakhlya,Funom Alfred,6.87,2,0,3,75.0,3,2,1,0,66.67,0,0,0,0,0,2,0,0,0,2,0,1,0.0,0.0
160,Pharco FC,Mohamed Saeed Shika,6.86,0,0,0,0.0,0,0,0,0,0.0,0,0,0,0,0,0,0,0,0,0,0,0,0.0,0.0
161,Ghazl El Mahalla,Gabriel Orok Ibitham,6.86,4,4,40,41.24,53,18,27,8,7.55,0,0,0,5,0,1,3,0,0,4,2,17,0.0,0.0
162,Al-Ittihad Alexandria,Khaled Sobhi,6.86,2,0,4,66.67,10,2,7,1,20.0,0,0,0,0,0,2,0,0,1,1,2,0,0.0,0.0
163,Al-Mokawloon,Fady Farid,6.86,2,3,16,76.19,35,12,16,7,5.71,0,0,3,0,0,2,0,1,0,1,0,9,0.0,0.0
164,Aswan SC,Hossam Arafat,6.86,2,1,4,36.36,13,5,5,3,15.38,0,0,0,0,0,1,1,1,0,1,1,4,0.0,0.0
165,Tala'ea El-Gaish,Mohamed Shehata,6.86,1,0,11,61.11,24,8,12,4,4.17,0,0,0,0,0,1,0,0,1,0,0,2,0.0,0.0
166,Aswan SC,Ahmed Dahroug,6.86,0,0,8,57.14,2,0,1,1,0.0,0,0,0,0,0,0,0,0,0,0,0,0,0.0,0.0
167,Tala'ea El-Gaish,Karim Tarek,6.85,6,1,36,46.15,54,18,22,14,11.11,0,0,0,0,0,5,1,0,3,3,0,16,0.0,0.0
168,Modern Future FC,Mohamed Reda,6.85,4,2,40,48.19,36,12,19,5,11.11,4,2,1,2,0,3,1,0,0,4,2,0,50.0,0.0
169,Smouha,Yehia Yasser,6.85,0,0,2,50.0,1,0,1,0,0.0,0,0,0,0,0,0,0,0,0,0,0,0,0.0,0.0
170,Al-Mokawloon,Mohamed Rizk,6.85,0,1,2,66.67,8,1,4,3,0.0,0,0,0,0,0,0,0,0,0,0,0,0,0.0,0.0
171,Ismaily,Yaw Annor,6.85,7,7,31,55.36,48,16,23,9,14.58,0,0,0,0,0,6,1,0,2,5,1,11,0.0,0.0
172,Pharco FC,Shokry Naguib,6.85,2,2,24,66.67,48,19,12,17,4.17,0,0,0,1,0,2,0,0,1,1,1,11,0.0,0.0
173,Pharco FC,Saif Thierry,6.84,3,0,8,53.33,7,3,2,2,42.86,0,0,0,0,0,3,0,1,0,2,0,1,0.0,0.0
174,Smouha,Mostafa Saad,6.84,2,1,32,57.14,20,7,7,6,10.0,0,0,1,1,0,1,1,0,2,0,0,7,0.0,0.0
175,El Dakhlya,Allan Kyambadde,6.84,2,0,17,68.0,11,2,6,3,18.18,0,0,1,0,0,2,0,1,0,1,1,2,0.0,0.0
176,Ismaily,Emad Hamdi,6.84,1,1,7,63.64,8,2,3,3,12.5,0,0,1,0,0,1,0,0,0,1,0,0,0.0,0.0
177,Ceramica Cleopatra,Ahmed Ramadan,6.84,1,1,11,42.31,12,7,3,2,8.33,0,0,0,0,0,1,0,1,0,0,1,1,0.0,0.0
178,Al-Masry,Marwan Hamdy,6.84,6,6,26,49.06,70,28,26,16,8.57,0,0,2,3,0,6,0,2,2,2,0,35,0.0,0.0
179,Ceramica Cleopatra,Amr Kalawa,6.84,2,0,5,50.0,12,4,5,3,16.67,0,0,0,0,0,1,1,1,0,1,0,0,0.0,0.0
180,Tala'ea El-Gaish,Ahmed Meteb,6.84,2,1,20,40.0,13,4,4,5,15.38,0,0,2,2,0,1,0,0,1,0,1,9,0.0,0.0
181,Aswan SC,Mohamed Morsi,6.83,1,0,4,26.67,9,4,3,2,11.11,0,0,0,0,0,1,0,0,1,0,0,3,0.0,0.0
182,Al Ahly FC,Karim Eldbees,6.83,0,0,3,75.0,1,0,0,1,0.0,0,0,0,0,0,0,0,0,0,0,0,0,0.0,0.0
183,Zamalek SC,Naser Mansi,6.83,4,1,4,30.77,35,13,15,7,11.43,0,0,2,0,0,4,0,1,1,2,2,21,0.0,0.0
184,Al-Mokawloon,Joseph Ochaya,6.83,7,0,12,37.5,43,12,17,14,16.28,2,2,0,4,0,7,0,3,4,0,1,10,100.0,0.0
185,Tala'ea El-Gaish,Mohamed Camacho,6.83,1,3,6,66.67,11,1,9,1,9.09,0,0,0,0,0,1,0,1,0,0,0,1,0.0,0.0
186,Tala'ea El-Gaish,Mostafa Khawaga,6.83,1,1,7,63.64,20,8,7,5,5.0,0,0,0,0,0,0,1,0,0,1,1,0,0.0,0.0
187,Ismaily,Saleh Gomaa,6.83,0,0,4,50.0,9,1,5,3,0.0,0,0,0,3,0,0,0,0,0,0,0,0,0.0,0.0
188,Al-Masry,Mahmoud Gad,6.82,0,0,0,0.0,0,0,0,0,0.0,0,0,0,0,0,0,0,0,0,0,0,0,0.0,0.0
189,Aswan SC,Ahmed Castelo,6.82,0,0,1,20.0,7,1,5,1,0.0,0,0,0,0,0,0,0,0,0,0,0,0,0.0,0.0
190,Smouha,Mohamed Essam Emara,6.82,3,0,22,62.86,15,3,8,4,20.0,0,0,0,0,0,3,0,1,0,2,0,1,0.0,0.0
191,Pyramids FC,Ahmed Tawfik,6.82,0,0,8,36.36,11,3,5,3,0.0,0,0,0,0,0,0,0,0,0,0,0,0,0.0,0.0
192,El Dakhlya,Emad El-Sayed,6.82,0,0,0,0.0,0,0,0,0,0.0,0,0,0,0,0,0,0,0,0,0,0,0,0.0,0.0
193,Modern Future FC,Ghanam Mohamed,6.82,1,0,9,47.37,18,4,7,7,5.56,0,0,0,0,0,0,1,0,0,1,0,2,0.0,0.0
194,Pharco FC,Ali Baheeg,6.82,1,0,2,50.0,4,2,2,0,25.0,0,0,0,0,0,1,0,0,1,0,0,3,0.0,0.0
195,Modern Future FC,Mahmoud Shaaban,6.82,0,0,3,50.0,0,0,0,0,0.0,0,0,0,0,0,0,0,0,0,0,0,0,0.0,0.0
196,Aswan SC,Ahmed Khaled,6.82,1,1,35,55.56,30,4,16,10,3.33,2,0,0,0,0,1,0,0,1,0,1,2,0.0,0.0
197,Zamalek SC,Seifeddine Jaziri,6.81,7,2,10,24.39,49,18,25,6,14.29,0,0,1,0,0,7,0,3,1,3,2,6,0.0,0.0
198,Ismaily,Mohamed Makhlouf,6.81,1,0,7,77.78,8,2,5,1,12.5,0,0,0,0,0,1,0,0,0,1,0,0,0.0,0.0
199,Pharco FC,Ahmed El Bahrawy,6.81,0,0,11,68.75,6,1,2,3,0.0,0,0,0,0,0,0,0,0,0,0,0,0,0.0,0.0
200,Haras El Hedoud,Khaled Sami,6.81,0,0,0,0.0,4,1,2,1,0.0,0,0,0,0,0,0,0,0,0,0,0,0,0.0,0.0
201,National Bank of Egypt,Issahaku Yakubu,6.81,0,0,17,38.64,5,2,2,1,0.0,0,0,0,0,0,0,0,0,0,0,0,1,0.0,0.0
202,Zamalek SC,Mohamed Ashraf Roqa,6.81,0,0,3,37.5,20,5,5,10,0.0,0,0,0,0,0,0,0,0,0,0,0,0,0.0,0.0
203,Ceramica Cleopatra,Ahmed El Armouty,6.81,1,0,9,52.94,19,6,10,3,5.26,0,0,0,0,0,1,0,0,0,1,0,0,0.0,0.0
204,Modern Future FC,Mahmoud Rizk,6.81,0,0,0,0.0,1,0,1,0,0.0,0,0,0,0,0,0,0,0,0,0,0,0,0.0,0.0
205,Pyramids FC,Mahmoud Dunga,6.81,0,0,2,50.0,4,0,3,1,0.0,0,0,0,0,0,0,0,0,0,0,0,0,0.0,0.0
206,Ceramica Cleopatra,Mido Gaber,6.81,2,5,30,46.15,64,19,25,20,3.13,0,0,0,3,0,2,0,1,1,0,2,13,0.0,0.0
207,Ghazl El Mahalla,Mahmoud El Hadary,6.81,0,0,0,0.0,0,0,0,0,0.0,0,0,0,0,0,0,0,0,0,0,0,0,0.0,0.0
208,Al-Mokawloon,Mamadou Niass,6.81,2,0,9,34.62,30,8,16,6,6.67,0,0,0,0,0,2,0,1,1,0,2,15,0.0,0.0
209,Pharco FC,Ahmed Abdelaziz Mody,6.81,2,0,2,50.0,3,3,0,0,66.67,2,2,0,0,0,2,0,0,2,0,0,0,100.0,0.0
210,Tala'ea El-Gaish,Ahmed Abdel Rahman Zola,6.81,1,0,26,70.27,9,4,2,3,11.11,0,0,0,0,0,1,0,1,0,0,0,2,0.0,0.0
211,Haras El Hedoud,Mostafa Ziko,6.80,6,5,33,40.24,75,34,31,10,8.0,2,2,0,5,0,6,0,0,1,5,0,9,100.0,0.0
212,El Dakhlya,Abdelrahman El Banouby,6.80,3,6,23,47.92,25,14,5,6,12.0,0,0,0,0,0,3,0,0,1,2,0,2,0.0,0.0
213,Zamalek SC,Amr El Sisi,6.80,2,0,1,20.0,10,4,6,0,20.0,0,0,0,0,0,2,0,0,1,1,0,0,0.0,0.0
214,Ismaily,Marwan Hamdi,6.80,0,0,2,33.33,1,1,0,0,0.0,0,0,0,0,0,0,0,0,0,0,0,0,0.0,0.0
215,El Dakhlya,Mohab Yasser,6.80,0,0,2,50.0,0,0,0,0,0.0,0,0,0,0,0,0,0,0,0,0,0,0,0.0,0.0
216,Ceramica Cleopatra,Samuel Amadi,6.80,0,0,3,100.0,1,0,0,1,0.0,0,0,0,0,0,0,0,0,0,0,0,0,0.0,0.0
217,Ismaily,Mohamed Abdelsamia,6.80,0,0,6,46.15,7,2,1,4,0.0,0,0,0,0,0,0,0,0,0,0,0,0,0.0,0.0
218,Al-Masry,Zyad Farag,6.80,0,0,0,0.0,0,0,0,0,0.0,0,0,0,0,0,0,0,0,0,0,0,0,0.0,0.0
219,ENPPI,Seif Elkhashab,6.80,0,0,0,0.0,1,0,1,0,0.0,0,0,0,0,0,0,0,0,0,0,0,0,0.0,0.0
220,Al Ahly FC,Mohamed Fakhry,6.80,0,0,5,45.45,5,1,2,2,0.0,0,0,0,0,0,0,0,0,0,0,0,0,0.0,0.0
221,Al-Ittihad Alexandria,Salifu Moro,6.80,0,2,13,56.52,28,2,20,6,0.0,0,0,0,0,0,0,0,0,0,0,0,0,0.0,0.0
222,Al-Masry,Emeka Eze,6.80,0,1,13,59.09,14,0,9,5,0.0,0,0,0,0,0,0,0,0,0,0,0,0,0.0,0.0
223,Al-Masry,Mohamed Grendo,6.80,9,6,16,30.77,51,20,24,7,17.65,4,4,2,0,0,9,0,0,1,8,0,13,100.0,0.0
224,Ismaily,Mohamed Hashem,6.80,0,0,2,66.67,6,0,3,3,0.0,0,0,0,0,0,0,0,0,0,0,0,1,0.0,0.0
225,Al-Masry,Amr Saadawy,6.80,1,0,13,41.94,7,2,2,3,14.29,0,0,0,1,0,1,0,0,1,0,1,2,0.0,0.0
226,Al-Masry,Karim El Eraki,6.79,0,0,6,37.5,7,2,4,1,0.0,0,0,0,0,0,0,0,0,0,0,2,1,0.0,0.0
227,Al-Ittihad Alexandria,Mohammed Saleh,6.79,0,0,2,100.0,4,0,3,1,0.0,0,0,0,2,0,0,0,0,0,0,1,2,0.0,0.0
228,El Dakhlya,Rasheed Ahmed,6.79,5,6,7,36.84,42,11,23,8,11.9,0,0,3,0,0,5,0,1,0,4,2,12,0.0,0.0
229,ENPPI,Emad Mayhoub,6.79,0,0,1,6.25,13,5,6,2,0.0,0,0,1,0,0,0,0,0,0,0,2,1,0.0,0.0
230,Pharco FC,Kingsley Sokari,6.79,1,0,17,65.38,11,3,6,2,9.09,0,0,0,0,0,0,1,0,0,1,0,0,0.0,0.0
231,ENPPI,Khaled Reda,6.79,0,0,3,100.0,1,0,0,1,0.0,0,0,0,0,0,0,0,0,0,0,0,0,0.0,0.0
232,Al Ahly FC,Ahmed Kendouci,6.79,0,1,12,50.0,12,4,5,3,0.0,0,0,0,0,0,0,0,0,0,0,0,3,0.0,0.0
233,Ismaily,Mohamed Bayoumi,6.79,0,0,0,0.0,0,0,0,0,0.0,0,0,0,0,0,0,0,0,0,0,0,0,0.0,0.0
234,Tala'ea El-Gaish,Mohamed Shaaban,6.78,0,0,0,0.0,0,0,0,0,0.0,0,0,0,0,0,0,0,0,0,0,0,0,0.0,0.0
235,Modern Future FC,Abdelkabir El Ouady,6.78,3,4,17,43.59,31,8,12,11,9.68,0,0,1,0,0,3,0,0,0,3,0,10,0.0,0.0
236,Al-Mokawloon,John Okoli,6.78,9,9,23,41.82,75,37,21,17,12.0,1,1,0,0,0,9,0,2,2,5,2,29,100.0,0.0
237,Smouha,El-Hani Soliman,6.78,0,0,0,0.0,0,0,0,0,0.0,0,0,0,0,0,0,0,0,0,0,0,0,0.0,0.0
238,Ismaily,Karim El Deeb,6.78,0,1,22,68.75,9,1,7,1,0.0,0,0,0,0,0,0,0,0,0,0,0,1,0.0,0.0
239,Ceramica Cleopatra,Mohamed Metwally Canaria,6.78,0,2,17,48.57,16,7,8,1,0.0,0,0,0,0,0,0,0,0,0,0,0,1,0.0,0.0
240,Ceramica Cleopatra,Mohamed Nassef,6.78,0,0,0,0.0,1,1,0,0,0.0,0,0,0,0,0,0,0,0,0,0,0,0,0.0,0.0
241,Ceramica Cleopatra,Constant Wayou,6.78,0,0,6,85.71,4,1,2,1,0.0,0,0,0,0,0,0,0,0,0,0,0,0,0.0,0.0
242,Al-Masry,Amro Tarek,6.78,0,0,0,0.0,2,1,1,0,0.0,0,0,0,0,0,0,0,0,0,0,0,0,0.0,0.0
243,Smouha,Ahmed Hakam,6.77,1,0,0,0.0,11,3,5,3,9.09,0,0,0,0,0,1,0,1,0,0,0,0,0.0,0.0
244,Al-Mokawloon,Mohamed Magli,6.77,0,0,8,66.67,7,2,3,2,0.0,0,0,0,0,0,0,0,0,0,0,0,0,0.0,0.0
245,Al-Ittihad Alexandria,Mahmoud Abdel-Aziz,6.77,0,0,3,42.86,9,3,3,3,0.0,0,0,0,0,0,0,0,0,0,0,0,0,0.0,0.0
246,Pharco FC,Amr Gamal,6.77,3,1,12,48.0,40,12,20,8,7.5,0,0,1,2,0,2,1,1,0,2,2,10,0.0,0.0
247,Tala'ea El-Gaish,Islam Mohareb,6.77,4,1,11,50.0,21,10,3,8,19.05,0,0,0,0,0,4,0,2,0,2,0,0,0.0,0.0
248,Al Ahly FC,Ahmed Nabil Koka,6.77,0,0,3,37.5,3,0,2,1,0.0,0,0,0,0,0,0,0,0,0,0,0,0,0.0,0.0
249,Al Ahly FC,Percy Tau,6.77,3,9,17,47.22,36,13,16,7,8.33,0,0,0,1,0,3,0,0,2,1,1,3,0.0,0.0
250,National Bank of Egypt,Ahmed El Aash,6.77,0,0,3,75.0,3,0,3,0,0.0,0,0,0,0,0,0,0,0,0,0,0,0,0.0,0.0
251,Modern Future FC,Ahmed Atef,6.77,4,1,7,30.43,20,8,10,2,20.0,0,0,1,0,0,4,0,0,1,3,1,12,0.0,0.0
252,Pyramids FC,Fakhreddine Ben Youssef,6.77,4,4,2,28.57,30,10,14,6,13.33,1,1,0,0,0,4,0,1,1,2,0,4,100.0,0.0
253,Al-Ittihad Alexandria,Ibrahim Hassan,6.77,3,2,11,22.92,42,10,17,15,7.14,0,0,0,3,0,3,0,1,1,1,1,6,0.0,0.0
254,ENPPI,Ahmed Youssef,6.77,1,0,5,83.33,16,3,9,4,6.25,0,0,0,0,0,1,0,1,0,0,0,0,0.0,0.0
255,Al-Mokawloon,Louay Wael,6.77,1,0,0,0.0,1,1,0,0,100.0,0,0,0,0,0,1,0,1,0,0,0,0,0.0,0.0
256,Pharco FC,Jefferson Encada,6.77,0,0,21,53.85,8,3,2,3,0.0,0,0,0,0,0,0,0,0,0,0,0,1,0.0,0.0
257,Al-Ittihad Alexandria,Sobhy Soliman,6.77,0,0,0,0.0,0,0,0,0,0.0,0,0,0,0,0,0,0,0,0,0,0,0,0.0,0.0
258,Ceramica Cleopatra,Mohamed Ibrahim,6.76,3,1,40,44.44,17,5,7,5,17.65,3,3,0,0,0,3,0,0,0,3,0,6,100.0,0.0
259,Al Ahly FC,Shady Hussein,6.76,1,2,5,35.71,19,6,9,4,5.26,0,0,1,0,0,1,0,0,0,1,1,6,0.0,0.0
260,Al-Ittihad Alexandria,Ammar Hamdy,6.76,1,0,5,45.45,6,1,3,2,16.67,0,0,0,0,0,1,0,0,0,1,1,0,0.0,0.0
261,National Bank of Egypt,Karim Bambo,6.76,9,12,19,44.19,53,22,23,8,16.98,3,2,2,0,0,8,0,1,1,6,1,22,66.67,0.0
262,Pharco FC,Ahmed Awad,6.76,0,0,1,50.0,4,1,1,2,0.0,0,0,0,0,0,0,0,0,0,0,0,0,0.0,0.0
263,Al-Mokawloon,Mohamed Salem,6.75,2,2,2,50.0,16,7,7,2,12.5,0,0,0,0,0,2,0,0,1,1,0,8,0.0,0.0
264,Aswan SC,Malick Evouna,6.75,2,1,4,66.67,8,3,2,3,25.0,1,1,1,0,0,2,0,0,0,2,0,1,100.0,0.0
265,Al-Masry,Hossam Greisha,6.75,0,0,14,60.87,3,0,2,1,0.0,0,0,0,0,0,0,0,0,0,0,0,1,0.0,0.0
266,Aswan SC,Mustafa Anani,6.75,0,0,1,100.0,0,0,0,0,0.0,0,0,0,0,0,0,0,0,0,0,0,1,0.0,0.0
267,Al-Masry,Mohamed El Fayoumi,6.75,0,0,3,75.0,2,1,1,0,0.0,0,0,0,0,0,0,0,0,0,0,0,0,0.0,0.0
268,Pyramids FC,Hesham Mohamed,6.75,0,0,1,100.0,3,1,1,1,0.0,0,0,0,0,0,0,0,0,0,0,1,0,0.0,0.0
269,Tala'ea El-Gaish,Omar Radwan,6.75,0,0,0,0.0,0,0,0,0,0.0,0,0,0,0,0,0,0,0,0,0,0,0,0.0,0.0
270,Zamalek SC,Shikabala,6.75,2,0,6,33.33,17,6,5,6,11.76,0,0,0,0,0,2,0,0,2,0,1,2,0.0,0.0
271,El Dakhlya,Mostafa Fawzy,6.75,3,2,0,0.0,23,11,9,3,13.04,0,0,0,0,0,3,0,1,0,2,0,4,0.0,0.0
272,National Bank of Egypt,Mahmoud Sayed,6.75,1,0,10,52.63,14,5,8,1,7.14,0,0,0,0,0,1,0,1,0,0,0,3,0.0,0.0
273,Tala'ea El-Gaish,Hassan Magdy,6.74,0,0,2,28.57,0,0,0,0,0.0,0,0,0,0,0,0,0,0,0,0,0,0,0.0,0.0
274,El Dakhlya,Ali El Zahdi,6.74,1,1,9,45.0,15,6,6,3,6.67,0,0,0,0,0,1,0,0,0,0,0,3,0.0,0.0
275,Smouha,Dokou Dodo,6.74,0,0,11,45.83,16,2,9,5,0.0,0,0,0,0,0,0,0,0,0,0,0,0,0.0,0.0
276,Ghazl El Mahalla,Ahmed Mayhoub,6.74,0,0,0,0.0,0,0,0,0,0.0,0,0,0,0,0,0,0,0,0,0,0,0,0.0,0.0
277,ENPPI,Mohamed Hamed,6.74,0,0,1,50.0,7,2,5,0,0.0,0,0,0,0,0,0,0,0,0,0,0,0,0.0,0.0
278,Ismaily,Karim Arafat,6.74,0,0,3,27.27,1,1,0,0,0.0,0,0,0,0,0,0,0,0,0,0,0,1,0.0,0.0
279,Smouha,Sodiq Awujoola,6.74,4,5,37,52.86,35,12,16,7,11.43,2,0,0,0,0,4,0,0,1,3,1,4,0.0,0.0
280,Ceramica Cleopatra,Mahmoud Bolbol Nabil,6.74,0,0,2,50.0,4,2,1,1,0.0,0,0,0,0,0,0,0,0,0,0,0,0,0.0,0.0
281,Zamalek SC,Hatem Mohamed,6.74,0,0,9,52.94,4,1,1,2,0.0,0,0,0,0,0,0,0,0,0,0,0,0,0.0,0.0
282,El Dakhlya,Mahmoud Talaat,6.74,0,1,16,57.14,15,3,9,3,0.0,0,0,1,0,0,0,0,0,0,0,0,3,0.0,0.0
283,El Dakhlya,Kelechi Chimezie,6.74,0,0,4,44.44,24,2,15,7,0.0,0,0,0,0,0,0,0,0,0,0,0,1,0.0,0.0
284,Al-Mokawloon,Amir Abed,6.74,0,0,2,40.0,1,0,1,0,0.0,0,0,0,0,0,0,0,0,0,0,0,0,0.0,0.0
285,Pharco FC,Mohamed Ahmed Fouad,6.74,1,2,16,57.14,19,5,10,4,5.26,0,0,0,2,0,1,0,0,0,1,2,0,0.0,0.0
286,Ghazl El Mahalla,Ehab Samir,6.73,0,0,15,57.69,18,6,6,6,0.0,0,0,0,0,0,0,0,0,0,0,0,2,0.0,0.0
287,Aswan SC,Amr Hossam,6.73,0,0,2,100.0,0,0,0,0,0.0,0,0,0,0,0,0,0,0,0,0,1,0,0.0,0.0
288,El Dakhlya,Ahmed Sayed Abdelnaby,6.73,0,0,10,41.67,5,0,3,2,0.0,0,0,0,0,0,0,0,0,0,0,0,0,0.0,0.0
289,Al-Mokawloon,Ahmed Fawzi,6.73,0,0,5,62.5,5,0,2,3,0.0,0,0,0,0,0,0,0,0,0,0,0,1,0.0,0.0
290,National Bank of Egypt,Ahmed Said,6.73,0,0,2,100.0,3,0,2,1,0.0,0,0,0,0,0,0,0,0,0,0,0,0,0.0,0.0
291,Smouha,Benjamin Bernard Boateng,6.73,7,2,23,41.82,34,11,20,3,20.59,0,0,0,0,0,7,0,0,4,3,1,6,0.0,0.0
292,Aswan SC,Dilson,6.73,4,8,7,35.0,44,17,21,6,9.09,0,0,1,0,0,4,0,4,0,0,3,18,0.0,0.0
293,Pyramids FC,Dodo El Gabas,6.73,1,0,0,0.0,10,3,2,5,10.0,0,0,0,0,0,1,0,0,0,1,0,2,0.0,0.0
294,ENPPI,Ahmed Eid,6.73,0,0,6,46.15,6,0,4,2,0.0,0,0,0,1,0,0,0,0,0,0,0,1,0.0,0.0
295,Ghazl El Mahalla,Mohamed Bazoka,6.73,0,0,5,83.33,13,5,6,2,0.0,0,0,0,1,0,0,0,0,0,0,0,4,0.0,0.0
296,Al Ahly FC,Ahmed Abdelkader,6.73,6,8,24,41.38,44,15,19,10,13.64,0,0,0,0,0,4,2,1,0,5,1,6,0.0,0.0
297,Al-Ittihad Alexandria,Mohamed Mahmoud,6.73,0,0,13,54.17,19,5,9,5,0.0,0,0,1,0,0,0,0,0,0,0,0,0,0.0,0.0
298,Modern Future FC,Tarek Taha,6.73,0,0,7,63.64,1,0,0,1,0.0,0,0,0,1,0,0,0,0,0,0,0,1,0.0,0.0
299,Al-Masry,Ziad Kamal,6.73,0,0,3,37.5,5,1,1,3,0.0,0,0,0,0,0,0,0,0,0,0,0,1,0.0,0.0
300,Ceramica Cleopatra,John Okoye Ebuka,6.72,3,0,16,43.24,40,12,15,13,7.5,0,0,1,4,0,2,1,0,1,2,0,12,0.0,0.0
301,Tala'ea El-Gaish,Farid Shawky,6.72,0,0,3,42.86,6,0,3,3,0.0,0,0,0,0,0,0,0,0,0,0,0,1,0.0,0.0
302,Zamalek SC,Omar Gaber,6.72,0,2,4,36.36,6,0,5,1,0.0,0,0,0,0,0,0,0,0,0,0,0,0,0.0,0.0
303,National Bank of Egypt,Ahmed Yasser,6.72,3,1,9,32.14,21,8,9,4,14.29,0,0,0,0,0,3,0,1,0,2,0,7,0.0,0.0
304,Pharco FC,Abdel Naser Mohamed Di Maria,6.72,0,0,8,50.0,8,2,3,3,0.0,0,0,1,1,0,0,0,0,0,0,0,1,0.0,0.0
305,ENPPI,Rafik Kabou,6.71,8,4,21,41.18,39,18,13,8,20.51,0,0,0,0,0,7,1,0,3,5,0,13,0.0,0.0
306,El Dakhlya,Walid Mostafa,6.71,0,0,4,36.36,12,4,3,5,0.0,0,0,0,1,0,0,0,0,0,0,0,3,0.0,0.0
307,Al Ahly FC,Mohamed Ashraf,6.71,0,0,4,50.0,2,0,0,2,0.0,0,0,0,1,0,0,0,0,0,0,0,0,0.0,0.0
308,Aswan SC,Islam Salah,6.71,1,1,0,0.0,4,2,2,0,25.0,0,0,0,0,0,1,0,1,0,0,0,1,0.0,0.0
309,Al-Ittihad Alexandria,Naser Naser,6.71,0,0,12,60.0,13,3,6,4,0.0,0,0,0,0,0,0,0,0,0,0,1,0,0.0,0.0
310,Zamalek SC,Mohamed Tarek,6.71,0,0,5,71.43,2,1,1,0,0.0,0,0,0,0,0,0,0,0,0,0,0,0,0.0,0.0
311,Al-Masry,Abderrahim Deghmoum,6.71,2,5,41,51.25,42,11,16,15,4.76,0,0,2,0,0,2,0,1,1,0,2,2,0.0,0.0
312,Aswan SC,Mostafa Abdel Rasoul,6.71,0,0,2,50.0,7,0,5,2,0.0,0,0,0,0,0,0,0,0,0,0,0,0,0.0,0.0
313,Aswan SC,Emad Fathy,6.71,0,0,34,55.74,23,7,5,11,0.0,0,0,2,1,0,0,0,0,0,0,0,4,0.0,0.0
314,Aswan SC,Belal El Sayed,6.71,1,0,7,53.85,24,6,10,8,4.17,0,0,0,0,0,1,0,0,0,1,0,1,0.0,0.0
315,Modern Future FC,Hesham Balaha,6.71,0,0,3,60.0,5,1,3,1,0.0,0,0,0,0,0,0,0,0,0,0,0,0,0.0,0.0
316,Smouha,Malek Baayou,6.71,1,0,11,61.11,12,3,5,4,8.33,0,0,0,0,0,0,1,0,0,1,0,0,0.0,0.0
317,Al-Masry,Ahmed Emad,6.71,0,0,1,20.0,2,0,0,2,0.0,0,0,0,0,0,0,0,0,0,0,1,0,0.0,0.0
318,Pharco FC,Ahmed El-Saghiri,6.71,1,0,11,50.0,8,2,3,3,12.5,0,0,0,0,0,0,1,0,0,1,0,1,0.0,0.0
319,Tala'ea El-Gaish,Khaled Stouhi,6.71,1,0,2,66.67,5,2,3,0,20.0,0,0,0,0,0,1,0,0,0,1,0,2,0.0,0.0
320,Tala'ea El-Gaish,Khaled Kamar,6.71,3,2,2,100.0,15,7,7,1,20.0,0,0,0,0,0,3,0,1,1,1,0,11,0.0,0.0
321,ENPPI,Mohamed Hamdi,6.70,0,0,21,48.84,14,3,6,5,0.0,0,0,0,3,0,0,0,0,0,0,0,0,0.0,0.0
322,Ismaily,Firas Chaouat,6.70,7,4,8,32.0,32,9,11,12,21.88,0,0,0,0,0,4,0,1,2,1,0,16,0.0,0.0
323,Pyramids FC,Ibrahim Adel,6.70,4,5,14,28.0,39,13,15,11,10.26,0,0,0,0,0,3,1,0,2,2,1,6,0.0,0.0
324,Ismaily,Ahmed Madbouli,6.70,1,0,25,41.67,35,7,12,16,2.86,0,0,0,3,0,1,0,0,0,1,1,1,0.0,0.0
325,Smouha,Ahmed Mostafa,6.70,1,0,6,42.86,33,7,14,12,3.03,0,0,0,1,0,1,0,0,0,1,0,3,0.0,0.0
326,Zamalek SC,Sayed Abdallah,6.70,1,0,26,53.06,6,2,3,1,16.67,0,0,0,0,0,1,0,0,0,1,0,5,0.0,0.0
327,ENPPI,Karim El Tayeb,6.70,1,1,5,45.45,11,5,3,3,9.09,0,0,0,0,0,1,0,1,0,0,0,3,0.0,0.0
328,Al-Masry,Saeed Kamal,6.70,1,0,1,50.0,2,1,1,0,50.0,0,0,0,0,0,0,1,0,0,1,0,0,0.0,0.0
329,ENPPI,Mohamed Abdel Aati,6.70,1,0,4,40.0,1,1,0,0,100.0,0,0,0,0,0,1,0,0,1,0,0,0,0.0,0.0
330,Al-Ittihad Alexandria,Ahmed Sayed Gharib,6.70,0,0,0,0.0,2,2,0,0,0.0,0,0,0,0,0,0,0,0,0,0,0,1,0.0,0.0
331,ENPPI,Amr Marey,6.70,0,0,0,0.0,1,1,0,0,0.0,0,0,0,0,0,0,0,0,0,0,0,2,0.0,0.0
332,Modern Future FC,Ahmed Yehia,6.70,0,0,0,0.0,0,0,0,0,0.0,0,0,0,0,0,0,0,0,0,0,0,0,0.0,0.0
333,Al-Mokawloon,Ahmed Afifi,6.70,0,0,0,0.0,1,0,1,0,0.0,0,0,0,0,0,0,0,0,0,0,0,0,0.0,0.0
334,ENPPI,Mohamed El Nahass,6.70,0,0,0,0.0,0,0,0,0,0.0,0,0,0,0,0,0,0,0,0,0,0,0,0.0,0.0
335,Zamalek SC,Ahmed Esho,6.70,0,0,2,100.0,0,0,0,0,0.0,0,0,0,0,0,0,0,0,0,0,0,0,0.0,0.0
336,Tala'ea El-Gaish,Yehia Hamed,6.70,0,0,0,0.0,0,0,0,0,0.0,0,0,0,0,0,0,0,0,0,0,0,0,0.0,0.0
337,Pharco FC,Hassan Tarek,6.70,0,0,2,100.0,0,0,0,0,0.0,0,0,0,0,0,0,0,0,0,0,0,0,0.0,0.0
338,Zamalek SC,Mohamed Hossam,6.70,0,0,0,0.0,1,0,1,0,0.0,0,0,0,0,0,0,0,0,0,0,0,0,0.0,0.0
339,ENPPI,Ibrahim Galal,6.70,0,0,0,0.0,0,0,0,0,0.0,0,0,0,0,0,0,0,0,0,0,0,0,0.0,0.0
340,Al-Mokawloon,Youssef Magdy Abdel Ghani,6.70,0,0,0,0.0,3,0,1,2,0.0,0,0,0,0,0,0,0,0,0,0,0,0,0.0,0.0
341,Zamalek SC,Mohamed Abdel Shafi,6.70,0,0,1,25.0,0,0,0,0,0.0,0,0,0,0,0,0,0,0,0,0,0,0,0.0,0.0
342,Haras El Hedoud,Omar Bassam,6.70,0,0,4,66.67,11,2,6,3,0.0,0,0,0,1,0,0,0,0,0,0,0,4,0.0,0.0
343,El Dakhlya,Mohamed Ramadan,6.70,0,0,1,50.0,4,0,2,2,0.0,0,0,0,2,0,0,0,0,0,0,0,0,0.0,0.0
344,National Bank of Egypt,Ahmed Yassin,6.69,0,0,2,50.0,2,0,1,1,0.0,0,0,0,0,0,0,0,0,0,0,0,0,0.0,0.0
345,Aswan SC,Mohamed Atwa,6.69,0,0,2,33.33,12,2,9,1,0.0,0,0,0,0,0,0,0,0,0,0,0,0,0.0,0.0
346,National Bank of Egypt,Osama Faisal,6.69,3,2,12,50.0,13,7,5,1,23.08,0,0,1,0,0,2,1,0,1,2,0,7,0.0,0.0
347,National Bank of Egypt,Osama Ibrahim,6.69,0,0,3,30.0,2,0,1,1,0.0,0,0,0,0,0,0,0,0,0,0,0,0,0.0,0.0
348,Ghazl El Mahalla,Amr Shaaban,6.69,0,0,0,0.0,0,0,0,0,0.0,0,0,0,0,0,0,0,0,0,0,0,0,0.0,0.0
349,El Dakhlya,Mohamed Naguib,6.69,0,2,4,57.14,10,2,6,2,0.0,0,0,0,0,0,0,0,0,0,0,0,1,0.0,0.0
350,Al-Masry,Abdo Yehia,6.69,2,1,8,28.57,26,8,14,4,7.69,0,0,0,0,0,2,0,0,0,2,0,5,0.0,0.0
351,ENPPI,Marwan Dawoud,6.69,1,0,12,37.5,12,6,5,1,8.33,0,0,0,2,0,1,0,0,0,1,0,1,0.0,0.0
352,Al-Masry,Ragab Omran,6.69,0,0,14,48.28,19,8,6,5,0.0,0,0,0,0,0,0,0,0,0,0,0,3,0.0,0.0
353,Pharco FC,Azmi Ghouma,6.69,0,0,10,45.45,16,4,7,5,0.0,0,0,0,2,0,0,0,0,0,0,0,0,0.0,0.0
354,ENPPI,Mody Naser,6.69,0,1,11,73.33,4,0,3,1,0.0,0,0,0,0,0,0,0,0,0,0,0,1,0.0,0.0
355,Tala'ea El-Gaish,Mohamed Sherif,6.68,0,1,10,55.56,11,3,4,4,0.0,0,0,0,2,0,0,0,0,0,0,0,1,0.0,0.0
356,ENPPI,Abdel Aziz El Balouti,6.68,0,0,0,0.0,0,0,0,0,0.0,0,0,0,0,0,0,0,0,0,0,0,0,0.0,0.0
357,Haras El Hedoud,Islam Gamal,6.68,0,0,8,38.1,3,0,2,1,0.0,0,0,1,0,0,0,0,0,0,0,0,0,0.0,0.0
358,Ghazl El Mahalla,Ahmed El Nadry,6.68,1,2,15,57.69,18,5,10,3,5.56,0,0,0,0,0,1,0,0,0,1,1,4,0.0,0.0
359,Ghazl El Mahalla,Salah Rico,6.68,0,0,0,0.0,1,0,1,0,0.0,0,0,0,0,0,0,0,0,0,0,0,0,0.0,0.0
360,Ceramica Cleopatra,Ibrahim Ayoola,6.68,0,0,2,100.0,2,0,2,0,0.0,0,0,0,0,0,0,0,0,0,0,0,2,0.0,0.0
361,Tala'ea El-Gaish,Ahmed Ayman Mansour,6.68,2,0,4,50.0,11,3,7,1,18.18,0,0,0,0,0,1,0,1,0,0,1,1,0.0,0.0
362,Zamalek SC,Youssef Osama Nabih,6.68,4,0,6,37.5,23,7,10,6,17.39,0,0,0,0,0,3,1,1,0,3,1,2,0.0,0.0
363,Ceramica Cleopatra,Abdelrahman Body,6.68,0,0,0,0.0,0,0,0,0,0.0,0,0,0,0,0,0,0,0,0,0,0,0,0.0,0.0
364,El Dakhlya,Ahmed Abdelrasoul,6.68,0,0,3,60.0,13,1,6,6,0.0,0,0,0,0,0,0,0,0,0,0,0,0,0.0,0.0
365,Modern Future FC,Karim Nedved,6.67,1,1,6,46.15,14,2,7,5,7.14,0,0,0,0,0,1,0,0,0,1,1,2,0.0,0.0
366,Al-Masry,Hassan Ali,6.67,0,2,16,59.26,13,3,6,4,0.0,0,0,0,0,0,0,0,0,0,0,0,0,0.0,0.0
367,Aswan SC,Mahmoud Fahmy,6.67,0,0,1,100.0,6,2,4,0,0.0,0,0,0,0,0,0,0,0,0,0,0,2,0.0,0.0
368,Haras El Hedoud,Mostafa Sobhi,6.67,1,0,19,48.72,20,9,7,4,5.0,0,0,0,0,0,1,0,0,0,1,0,1,0.0,0.0
369,Ismaily,Mohamed Koko,6.67,0,0,0,0.0,0,0,0,0,0.0,0,0,0,0,0,0,0,0,0,0,0,0,0.0,0.0
370,Smouha,Hussein Faisal,6.67,4,3,40,54.05,43,14,13,16,9.3,1,0,0,3,0,2,2,0,1,3,1,2,0.0,0.0
371,Pharco FC,Ahmed Sherif,6.67,2,1,10,47.62,13,8,4,1,15.38,0,0,1,0,0,2,0,0,0,2,0,0,0.0,0.0
372,ENPPI,Youssef Labib,6.67,1,1,1,50.0,5,1,3,1,20.0,0,0,0,0,0,1,0,0,0,1,0,1,0.0,0.0
373,Pharco FC,Mohamed Zakaria Shika,6.67,0,0,2,50.0,2,0,0,2,0.0,0,0,0,0,0,0,0,0,0,0,0,1,0.0,0.0
374,Tala'ea El-Gaish,Mohamed Samir,6.67,0,0,1,100.0,2,0,2,0,0.0,0,0,0,0,0,0,0,0,0,0,0,0,0.0,0.0
375,Haras El Hedoud,Ahmed Fathi Hamza,6.66,2,0,11,42.31,11,3,6,2,18.18,0,0,0,0,0,0,2,0,0,2,0,1,0.0,0.0
376,Ismaily,Omar El Saaiy,6.66,0,0,7,46.67,9,4,1,4,0.0,0,0,0,0,0,0,0,0,0,0,0,0,0.0,0.0
377,National Bank of Egypt,Hamdy Alaa,6.66,0,0,8,38.1,7,2,4,1,0.0,0,0,0,0,0,0,0,0,0,0,0,1,0.0,0.0
378,Ismaily,Mohamed Desouki,6.66,0,0,10,29.41,7,0,3,4,0.0,0,0,0,0,0,0,0,0,0,0,0,5,0.0,0.0
379,Al-Ittihad Alexandria,Islam Abdelnaim,6.66,0,3,21,56.76,13,5,6,2,0.0,0,0,0,0,0,0,0,0,0,0,0,1,0.0,0.0
380,Modern Future FC,Mohamed Farouk,6.66,1,1,9,36.0,11,6,1,4,9.09,0,0,0,1,1,0,1,0,0,1,0,1,0.0,100.0
381,Ghazl El Mahalla,Mohamed Gaber,6.66,0,1,24,48.98,25,9,8,8,0.0,0,0,0,0,0,0,0,0,0,0,0,6,0.0,0.0
382,Pharco FC,Yassin Marei,6.66,0,0,3,100.0,0,0,0,0,0.0,0,0,0,0,0,0,0,0,0,0,0,0,0.0,0.0
383,El Dakhlya,Ahmed Dahesh,6.66,0,0,4,66.67,1,1,0,0,0.0,0,0,0,0,0,0,0,0,0,0,0,0,0.0,0.0
384,Al-Mokawloon,Ahmed El Shimi,6.66,0,1,8,30.77,17,3,9,5,0.0,0,0,0,0,0,0,0,0,0,0,0,0,0.0,0.0
385,Al-Ittihad Alexandria,Mostafa Ibrahim,6.66,0,0,1,33.33,3,1,2,0,0.0,0,0,0,0,0,0,0,0,0,0,0,0,0.0,0.0
386,Ghazl El Mahalla,Ahmed Reda,6.65,0,0,5,50.0,2,0,0,2,0.0,0,0,0,0,0,0,0,0,0,0,0,0,0.0,0.0
387,Modern Future FC,Ali Zaazaa,6.65,1,4,3,42.86,14,6,4,4,7.14,0,0,1,0,0,1,0,1,0,0,1,1,0.0,0.0
388,Modern Future FC,Omar El Said,6.65,2,0,3,37.5,20,8,7,5,10.0,0,0,0,0,0,2,0,1,1,0,0,8,0.0,0.0
389,Ghazl El Mahalla,Hazem Morsi,6.65,2,0,2,28.57,15,9,3,3,13.33,0,0,0,0,0,2,0,1,0,1,1,4,0.0,0.0
390,Al-Ittihad Alexandria,Austin Amutu,6.65,3,3,7,43.75,30,6,19,5,10.0,0,0,1,0,0,3,0,1,0,2,2,5,0.0,0.0
391,ENPPI,Mostafa Dowidar,6.65,1,0,5,55.56,10,1,4,5,10.0,0,0,0,0,0,1,0,0,0,1,0,0,0.0,0.0
392,Al-Masry,Amr El Morsi,6.65,0,0,2,50.0,2,1,1,0,0.0,0,0,0,0,0,0,0,0,0,0,0,0,0.0,0.0
393,ENPPI,Girgis Magdy,6.65,0,0,0,0.0,0,0,0,0,0.0,0,0,0,0,0,0,0,0,0,0,0,0,0.0,0.0
394,Al Ahly FC,Ahmed Ashraf Ahmed,6.65,0,0,0,0.0,0,0,0,0,0.0,0,0,0,0,0,0,0,0,0,0,0,0,0.0,0.0
395,National Bank of Egypt,Eslam Gaber,6.65,0,0,6,46.15,9,3,1,5,0.0,0,0,0,1,0,0,0,0,0,0,0,0,0.0,0.0
396,Al-Masry,Osama El Gazar,6.64,0,0,8,72.73,4,1,3,0,0.0,0,0,0,0,0,0,0,0,0,0,1,0,0.0,0.0
397,Ismaily,Mohamed El Shamy,6.64,9,5,28,36.36,33,17,11,5,27.27,0,0,0,0,0,9,0,1,1,7,0,18,0.0,0.0
398,Haras El Hedoud,Hamed Khaled El Gabry,6.64,0,0,10,40.0,18,7,7,4,0.0,0,0,0,0,0,0,0,0,0,0,0,3,0.0,0.0
399,Tala'ea El-Gaish,Ahmed Masoud,6.64,0,0,0,0.0,0,0,0,0,0.0,0,0,0,0,0,0,0,0,0,0,0,0,0.0,0.0
400,Al-Mokawloon,Mohamed Hozian,6.64,0,0,3,33.33,2,1,1,0,0.0,0,0,0,0,0,0,0,0,0,0,0,0,0.0,0.0
401,Zamalek SC,Samson Akinyoola,6.63,1,1,1,20.0,11,4,5,2,9.09,0,0,0,0,0,1,0,0,1,0,0,2,0.0,0.0
402,Smouha,Omar Salah,6.63,0,0,0,0.0,0,0,0,0,0.0,0,0,0,0,0,0,0,0,0,0,0,0,0.0,0.0
403,Al-Ittihad Alexandria,Gavin Kizito,6.63,0,0,0,0.0,1,0,1,0,0.0,0,0,0,0,0,0,0,0,0,0,0,0,0.0,0.0
404,Modern Future FC,Mohamed Abdelsalam,6.63,0,0,2,66.67,0,0,0,0,0.0,0,0,0,0,0,0,0,0,0,0,0,1,0.0,0.0
405,Smouha,El Sabahy Emad,6.63,0,0,1,50.0,2,0,1,1,0.0,0,0,0,0,0,0,0,0,0,0,0,0,0.0,0.0
406,Tala'ea El-Gaish,Mohamed Diab,6.63,0,0,1,100.0,4,1,3,0,0.0,0,0,0,0,0,0,0,0,0,0,0,0,0.0,0.0
407,Haras El Hedoud,Mohamed Ahmed Kamel,6.63,0,1,2,66.67,2,0,0,2,0.0,0,0,0,0,0,0,0,0,0,0,0,0,0.0,0.0
408,Smouha,Mohamed El-Maghrabi,6.63,0,1,4,57.14,2,0,2,0,0.0,0,0,0,0,0,0,0,0,0,0,0,0,0.0,0.0
409,El Dakhlya,Abdelaziz El Sayed,6.63,2,0,10,58.82,6,5,0,1,33.33,2,2,0,0,0,2,0,0,2,0,0,0,100.0,0.0
410,ENPPI,Mostafa Shakshak,6.63,0,0,17,58.62,11,3,7,1,0.0,0,0,0,0,0,0,0,0,0,0,0,1,0.0,0.0
411,Zamalek SC,Seif Farouk Gaafar,6.63,0,1,10,58.82,11,6,4,1,0.0,0,0,0,0,0,0,0,0,0,0,0,2,0.0,0.0
412,Haras El Hedoud,Mahmoud Mamdouh,6.63,2,2,11,37.93,14,8,2,4,14.29,0,0,0,0,0,2,0,1,0,1,0,4,0.0,0.0
413,National Bank of Egypt,Mohamed Bassiouny,6.63,0,0,8,50.0,4,1,1,2,0.0,0,0,0,0,0,0,0,0,0,0,0,0,0.0,0.0
414,Al-Masry,Ahmed El Sheikh,6.63,1,0,4,44.44,3,1,1,1,33.33,0,0,0,0,0,1,0,0,1,0,0,0,0.0,0.0
415,National Bank of Egypt,Basem Morsi,6.63,1,2,4,36.36,27,7,17,3,3.7,0,0,0,1,0,1,0,1,0,0,1,12,0.0,0.0
416,Ismaily,Essam Sobhy,6.62,0,0,1,50.0,3,1,2,0,0.0,0,0,0,0,0,0,0,0,0,0,0,0,0.0,0.0
417,Haras El Hedoud,Mostafa Gamal,6.62,3,1,21,80.77,11,5,5,1,27.27,4,2,0,0,0,2,1,0,0,3,0,0,50.0,0.0
418,Al Ahly FC,Bruno Sávio,6.62,1,1,6,30.0,18,5,7,6,5.56,0,0,1,0,0,1,0,0,0,1,0,2,0.0,0.0
419,Smouha,Alia Sylla,6.62,1,2,0,0.0,7,1,5,1,14.29,0,0,0,0,0,1,0,0,0,1,1,2,0.0,0.0
420,Haras El Hedoud,Kingsley Fidelis Kuku,6.61,0,0,4,33.33,1,0,1,0,0.0,0,0,0,0,0,0,0,0,0,0,0,1,0.0,0.0
421,Ghazl El Mahalla,Khaled El Akhmimi,6.61,0,0,8,50.0,12,1,7,4,0.0,0,0,0,0,0,0,0,0,0,0,0,0,0.0,0.0
422,Haras El Hedoud,Emmanuel David,6.61,1,1,10,43.48,14,3,7,4,7.14,0,0,0,0,0,1,0,0,0,1,0,4,0.0,0.0
423,Ghazl El Mahalla,Ibrahim Kone,6.61,1,0,15,60.0,6,1,4,1,16.67,0,0,0,0,0,1,0,0,0,1,0,0,0.0,0.0
424,Ceramica Cleopatra,Salah Mohsen,6.61,4,6,10,55.56,20,12,8,0,20.0,0,0,0,0,0,2,0,0,0,2,0,19,0.0,0.0
425,Aswan SC,Gedo,6.60,2,4,3,14.29,23,9,8,6,8.7,0,0,1,0,0,2,0,2,0,0,1,3,0.0,0.0
426,Aswan SC,Ali Fathi,6.60,0,0,6,30.0,6,1,2,3,0.0,0,0,0,1,0,0,0,0,0,0,0,2,0.0,0.0
427,Tala'ea El-Gaish,Paul Joules,6.60,2,0,4,80.0,11,7,3,1,18.18,0,0,0,0,0,2,0,0,0,2,0,9,0.0,0.0
428,Pharco FC,Gaber Kamel,6.60,1,0,2,25.0,8,1,7,0,12.5,0,0,0,0,0,1,0,0,1,0,1,1,0.0,0.0
429,National Bank of Egypt,Assem Salah,6.60,0,0,1,20.0,2,0,1,1,0.0,0,0,1,2,0,0,0,0,0,0,0,0,0.0,0.0
430,Smouha,Mohammed Rashid,6.60,0,0,0,0.0,0,0,0,0,0.0,0,0,0,0,0,0,0,0,0,0,0,0,0.0,0.0
431,Al Ahly FC,Motaz El Sayed,6.60,0,0,0,0.0,1,0,1,0,0.0,0,0,0,0,0,0,0,0,0,0,1,0,0.0,0.0
432,Ismaily,Khaled Alnabrisi,6.60,0,0,0,0.0,0,0,0,0,0.0,0,0,0,0,0,0,0,0,0,0,0,0,0.0,0.0
433,Al-Masry,Sherif Dabo,6.60,0,0,0,0.0,0,0,0,0,0.0,0,0,0,0,0,0,0,0,0,0,0,0,0.0,0.0
434,Ismaily,Abdoul Kader Coulibaly,6.60,0,0,1,100.0,0,0,0,0,0.0,0,0,0,0,0,0,0,0,0,0,0,0,0.0,0.0
435,Aswan SC,Saber El Shimi,6.60,0,0,0,0.0,0,0,0,0,0.0,0,0,0,0,0,0,0,0,0,0,0,0,0.0,0.0
436,El Dakhlya,Mahmoud El Gharabawy,6.60,0,0,0,0.0,0,0,0,0,0.0,0,0,0,0,0,0,0,0,0,0,0,0,0.0,0.0
437,El Dakhlya,Mahmoud Shedid Kenawi,6.60,0,0,0,0.0,0,0,0,0,0.0,0,0,0,0,0,0,0,0,0,0,0,0,0.0,0.0
438,ENPPI,Shemeles Bekele,6.60,0,0,0,0.0,0,0,0,0,0.0,0,0,0,0,0,0,0,0,0,0,0,0,0.0,0.0
439,Al-Mokawloon,El Habib Ahmed Hassan,6.60,0,0,0,0.0,0,0,0,0,0.0,0,0,0,0,0,0,0,0,0,0,0,0,0.0,0.0
440,Al-Ittihad Alexandria,Amr Khalil,6.60,0,0,0,0.0,0,0,0,0,0.0,0,0,0,0,0,0,0,0,0,0,0,0,0.0,0.0
441,Ismaily,Mohamed Benkhemassa,6.60,0,0,0,0.0,0,0,0,0,0.0,0,0,0,0,0,0,0,0,0,0,0,0,0.0,0.0
442,Zamalek SC,Ali Yasser,6.60,0,0,0,0.0,3,0,3,0,0.0,0,0,0,0,0,0,0,0,0,0,0,3,0.0,0.0
443,Pyramids FC,Ojo Tolulope,6.60,0,0,0,0.0,2,0,1,1,0.0,0,0,0,0,0,0,0,0,0,0,0,0,0.0,0.0
444,Ceramica Cleopatra,Arthur Justice,6.60,0,0,0,0.0,2,1,1,0,0.0,0,0,0,0,0,0,0,0,0,0,0,0,0.0,0.0
445,Pharco FC,Mahmoud Gehad,6.60,0,0,3,60.0,2,0,2,0,0.0,0,0,0,0,0,0,0,0,0,0,0,0,0.0,0.0
446,Haras El Hedoud,Medhat Fakousa,6.60,0,0,3,75.0,3,1,1,1,0.0,0,0,0,0,0,0,0,0,0,0,0,0,0.0,0.0
447,ENPPI,Salah Zayed,6.60,0,0,4,80.0,0,0,0,0,0.0,0,0,0,0,0,0,0,0,0,0,0,0,0.0,0.0
448,ENPPI,Eric Traore,6.60,0,0,3,60.0,3,0,0,3,0.0,0,0,0,0,0,0,0,0,0,0,0,5,0.0,0.0
449,Tala'ea El-Gaish,Ali Hamdy,6.60,0,0,4,50.0,12,2,8,2,0.0,0,0,0,0,0,0,0,0,0,0,0,1,0.0,0.0
450,Smouha,Ahmed Gamal,6.60,0,1,8,72.73,8,3,3,2,0.0,0,0,0,0,0,0,0,0,0,0,1,3,0.0,0.0
451,Ismaily,Mahmoud Shabrawy,6.59,1,0,4,28.57,17,5,8,4,5.88,0,0,1,0,0,1,0,0,1,0,0,1,0.0,0.0
452,El Dakhlya,Momen Atef,6.59,1,1,3,30.0,9,3,6,0,11.11,0,0,0,0,0,1,0,0,0,1,0,1,0.0,0.0
453,ENPPI,Abdel Rahman Emad,6.59,0,1,15,48.39,9,3,2,4,0.0,0,0,1,0,0,0,0,0,0,0,0,2,0.0,0.0
454,Pharco FC,Mahmoud Emad,6.59,0,0,4,66.67,9,3,4,2,0.0,0,0,0,0,0,0,0,0,0,0,0,0,0.0,0.0
455,Smouha,Mohamed Saeed,6.59,0,1,11,45.83,18,8,6,4,0.0,0,0,1,0,0,0,0,0,0,0,0,8,0.0,0.0
456,Ceramica Cleopatra,Mahmoud Zalaka,6.59,0,1,15,62.5,10,2,4,4,0.0,0,0,0,0,0,0,0,0,0,0,0,1,0.0,0.0
457,Smouha,Halimo,6.59,1,0,7,46.67,14,2,9,3,7.14,0,0,0,1,0,1,0,0,1,0,1,0,0.0,0.0
458,Ghazl El Mahalla,Paulin Voavy,6.59,1,1,8,47.06,4,1,1,2,25.0,0,0,0,0,0,1,0,0,1,0,0,2,0.0,0.0
459,Al Ahly FC,Mohamed Dhaoui,6.59,0,0,4,25.0,7,1,5,1,0.0,0,0,0,1,0,0,0,0,0,0,0,2,0.0,0.0
460,Haras El Hedoud,Ahmed El Saadani,6.59,0,0,0,0.0,0,0,0,0,0.0,0,0,0,0,0,0,0,0,0,0,0,0,0.0,0.0
461,National Bank of Egypt,Razak Cissé,6.59,2,1,13,39.39,16,6,6,4,12.5,0,0,0,0,0,2,0,0,1,1,0,1,0.0,0.0
462,El Dakhlya,Eric Serge,6.59,0,1,4,57.14,6,1,3,2,0.0,0,0,0,1,0,0,0,0,0,0,0,0,0.0,0.0
463,Smouha,Zeyad Tarek,6.58,0,1,3,60.0,4,2,1,1,0.0,0,0,0,1,0,0,0,0,0,0,0,0,0.0,0.0
464,Ghazl El Mahalla,Abdelrahman Atef,6.58,2,3,1,11.11,21,9,9,3,9.52,0,0,0,0,0,1,1,0,2,0,1,6,0.0,0.0
465,Pyramids FC,Abdallah Magdy,6.58,1,1,1,25.0,1,0,1,0,100.0,0,0,0,0,0,0,0,0,0,0,0,0,0.0,0.0
466,Al-Masry,Franck Mbella Etouga,6.58,2,4,5,62.5,18,8,8,2,11.11,0,0,0,0,0,2,0,0,0,2,3,3,0.0,0.0
467,National Bank of Egypt,Firas Ifia,6.58,0,0,1,16.67,2,0,2,0,0.0,0,0,0,1,0,0,0,0,0,0,0,0,0.0,0.0
468,Haras El Hedoud,Wagih Abdel Hakim,6.58,0,0,7,41.18,10,3,5,2,0.0,0,0,0,0,0,0,0,0,0,0,0,3,0.0,0.0
469,Smouha,Barakat Haggag,6.58,2,0,0,0.0,3,3,0,0,66.67,0,0,0,0,0,2,0,1,0,1,0,0,0.0,0.0
470,Zamalek SC,Youssef Hassan,6.58,0,0,0,0.0,1,0,0,1,0.0,0,0,0,0,0,0,0,0,0,0,0,0,0.0,0.0
471,Modern Future FC,Abdallah Yaisien,6.58,0,0,1,50.0,1,0,1,0,0.0,0,0,0,0,0,0,0,0,0,0,0,0,0.0,0.0
472,Haras El Hedoud,Ahmed Ayman,6.57,0,0,2,28.57,0,0,0,0,0.0,0,0,0,0,0,0,0,0,0,0,0,1,0.0,0.0
473,Modern Future FC,Mostafa El-Badry,6.57,0,4,7,33.33,13,1,8,4,0.0,0,0,0,0,0,0,0,0,0,0,2,5,0.0,0.0
474,Al-Masry,Islam Ateia,6.57,2,1,8,47.06,12,3,6,3,16.67,0,0,0,1,0,2,0,1,0,1,0,3,0.0,0.0
475,Tala'ea El-Gaish,Arabi Badr,6.57,1,0,3,100.0,3,1,1,1,33.33,0,0,0,1,0,0,0,0,0,0,0,1,0.0,0.0
476,Pyramids FC,Mohamed Sadek,6.57,0,0,4,36.36,3,1,1,1,0.0,0,0,0,0,0,0,0,0,0,0,1,0,0.0,0.0
477,Modern Future FC,Aymen Sfaxi,6.56,0,1,4,33.33,7,2,4,1,0.0,0,0,0,0,0,0,0,0,0,0,1,3,0.0,0.0
478,Ghazl El Mahalla,Mahmoud Alaa El Katamy,6.56,0,0,4,40.0,2,0,0,2,0.0,0,0,0,0,0,0,0,0,0,0,0,3,0.0,0.0
479,Smouha,Abubakar Liday,6.56,0,0,8,57.14,8,2,4,2,0.0,0,0,0,0,0,0,0,0,0,0,0,1,0.0,0.0
480,Ghazl El Mahalla,Karim Mostafa,6.56,0,0,8,42.11,15,2,8,5,0.0,0,0,0,0,0,0,0,0,0,0,0,9,0.0,0.0
481,Smouha,Ahmed Shousha,6.56,0,0,1,25.0,7,1,6,0,0.0,0,0,0,0,0,0,0,0,0,0,0,0,0.0,0.0
482,Smouha,Mohamed Nadi,6.55,0,0,7,33.33,8,3,2,3,0.0,0,0,0,0,0,0,0,0,0,0,0,2,0.0,0.0
483,Haras El Hedoud,Ahmed Dawooda,6.55,0,0,1,20.0,2,1,1,0,0.0,0,0,0,0,0,0,0,0,0,0,0,0,0.0,0.0
484,Aswan SC,Omar Saoudi,6.55,0,0,0,0.0,2,0,2,0,0.0,0,0,0,0,0,0,0,0,0,0,0,0,0.0,0.0
485,Tala'ea El-Gaish,Fares Hatem,6.55,0,0,1,100.0,2,0,1,1,0.0,0,0,0,0,0,0,0,0,0,0,0,0,0.0,0.0
486,Smouha,Momen Mohamed Abd Rabo,6.55,0,0,0,0.0,0,0,0,0,0.0,0,0,0,0,0,0,0,0,0,0,0,0,0.0,0.0
487,Smouha,Tariq Alaa,6.55,0,0,3,50.0,0,0,0,0,0.0,0,0,0,0,0,0,0,0,0,0,0,0,0.0,0.0
488,Aswan SC,Ahmed Hamoudi,6.55,0,0,4,30.77,6,0,5,1,0.0,0,0,0,0,0,0,0,0,0,0,0,0,0.0,0.0
489,Tala'ea El-Gaish,Mahmoud Wahid,6.54,0,0,1,25.0,1,0,0,1,0.0,0,0,0,0,0,0,0,0,0,0,0,1,0.0,0.0
490,Haras El Hedoud,Valentine Odoh,6.54,0,1,8,44.44,17,2,10,5,0.0,0,0,0,0,0,0,0,0,0,0,1,13,0.0,0.0
491,Al-Ittihad Alexandria,Abdelghani Mohamed,6.54,0,1,13,48.15,7,3,3,1,0.0,0,0,0,0,0,0,0,0,0,0,0,5,0.0,0.0
492,Ghazl El Mahalla,Charles Ekpenyong,6.54,2,1,6,31.58,10,3,6,1,20.0,0,0,0,0,0,2,0,0,0,2,0,0,0.0,0.0
493,El Dakhlya,Karim Yehia,6.53,0,0,3,50.0,5,0,3,2,0.0,0,0,0,0,0,0,0,0,0,0,0,0,0.0,0.0
494,Aswan SC,Islam Gamal,6.53,0,0,0,0.0,2,0,2,0,0.0,0,0,0,0,0,0,0,0,0,0,0,0,0.0,0.0
495,ENPPI,Momen Rady,6.53,0,0,0,0.0,3,1,1,1,0.0,0,0,0,0,0,0,0,0,0,0,0,0,0.0,0.0
496,Al-Ittihad Alexandria,Ahmed Adel,6.53,1,2,24,33.8,22,7,5,10,4.55,1,0,1,0,0,1,0,0,1,0,0,0,0.0,0.0
497,Al-Mokawloon,Youssef El Gohary,6.52,0,0,6,37.5,0,0,0,0,0.0,0,0,0,0,0,0,0,0,0,0,0,0,0.0,0.0
498,Modern Future FC,Hadji Barry,6.52,1,3,4,22.22,12,3,8,1,8.33,2,0,0,2,0,1,0,0,0,1,0,4,0.0,0.0
499,Ceramica Cleopatra,Mohamed Antar,6.52,0,5,32,47.06,13,5,6,2,0.0,0,0,0,0,0,0,0,0,0,0,1,3,0.0,0.0
500,Al-Masry,Ahmed Shadad,6.52,0,0,1,25.0,1,0,1,0,0.0,0,0,0,0,0,0,0,0,0,0,0,0,0.0,0.0
501,El Dakhlya,Mohamed Nosseir,6.52,0,0,0,0.0,3,0,1,2,0.0,0,0,0,0,0,0,0,0,0,0,0,0,0.0,0.0
502,El Dakhlya,Abdullahi Ojifinni,6.52,0,0,3,50.0,3,0,1,2,0.0,0,0,0,0,0,0,0,0,0,0,0,3,0.0,0.0
503,Al-Ittihad Alexandria,Ahmed Eid,6.52,2,1,6,24.0,13,5,5,3,15.38,0,0,0,0,0,2,0,0,0,2,1,3,0.0,0.0
504,Pharco FC,Ziad Tolba,6.52,0,0,1,25.0,3,0,2,1,0.0,0,0,0,0,0,0,0,0,0,0,0,0,0.0,0.0
505,Tala'ea El-Gaish,Marwan Osman,6.52,0,1,1,33.33,2,0,2,0,0.0,0,0,0,0,0,0,0,0,0,0,0,0,0.0,0.0
506,Haras El Hedoud,Gharib Yasser,6.52,0,0,1,33.33,5,1,2,2,0.0,0,0,0,0,0,0,0,0,0,0,0,0,0.0,0.0
507,National Bank of Egypt,Amir Medhat,6.51,0,0,2,100.0,0,0,0,0,0.0,0,0,0,0,0,0,0,0,0,0,0,0,0.0,0.0
508,El Dakhlya,Christopher John,6.51,1,2,18,46.15,34,10,16,8,2.94,0,0,0,0,0,1,0,0,1,0,1,4,0.0,0.0
509,Al Ahly FC,Mohamed Zaalouk,6.50,0,0,0,0.0,0,0,0,0,0.0,0,0,0,0,0,0,0,0,0,0,0,0,0.0,0.0
510,Ismaily,Eiad El Askalany,6.50,0,0,1,50.0,0,0,0,0,0.0,0,0,0,0,0,0,0,0,0,0,0,0,0.0,0.0
511,ENPPI,Alhassan Mubarak,6.50,0,0,0,0.0,0,0,0,0,0.0,0,0,0,0,0,0,0,0,0,0,0,0,0.0,0.0
512,Ghazl El Mahalla,Mohamed Nabih,6.50,0,0,0,0.0,0,0,0,0,0.0,0,0,0,0,0,0,0,0,0,0,0,0,0.0,0.0
513,Al-Ittihad Alexandria,Ahmed Hamdeen,6.50,0,0,2,66.67,0,0,0,0,0.0,0,0,0,0,0,0,0,0,0,0,0,0,0.0,0.0
514,Haras El Hedoud,Salisu Mobarak,6.50,0,0,0,0.0,0,0,0,0,0.0,0,0,0,0,0,0,0,0,0,0,0,0,0.0,0.0
515,Al-Mokawloon,Ahmed Rashwan,6.50,0,0,0,0.0,0,0,0,0,0.0,0,0,0,0,0,0,0,0,0,0,0,0,0.0,0.0
516,Haras El Hedoud,Ahmed Ali Kamel,6.50,0,0,0,0.0,2,0,2,0,0.0,0,0,0,0,0,0,0,0,0,0,0,1,0.0,0.0
517,Tala'ea El-Gaish,Akinade Moses Ibukun,6.50,0,0,1,50.0,3,0,2,1,0.0,0,0,0,0,0,0,0,0,0,0,0,2,0.0,0.0
518,Ghazl El Mahalla,Ibrahim Ayesh,6.50,0,0,1,100.0,3,0,3,0,0.0,0,0,0,0,0,0,0,0,0,0,0,0,0.0,0.0
519,El Dakhlya,Hesham Sabry,6.50,0,0,2,100.0,4,2,0,2,0.0,0,0,0,0,0,0,0,0,0,0,0,0,0.0,0.0
520,Al-Masry,Islam El Mizzayn,6.50,0,0,0,0.0,0,0,0,0,0.0,0,0,0,0,0,0,0,0,0,0,0,0,0.0,0.0
521,Ghazl El Mahalla,Hany Adel,6.50,0,0,1,100.0,1,0,1,0,0.0,0,0,0,0,0,0,0,0,0,0,0,0,0.0,0.0
522,Aswan SC,Abdul Aziz Mousa,6.50,0,0,0,0.0,0,0,0,0,0.0,0,0,0,0,0,0,0,0,0,0,0,0,0.0,0.0
523,Ghazl El Mahalla,Mostafa Osama,6.50,0,0,5,45.45,2,2,0,0,0.0,0,0,0,0,0,0,0,0,0,0,0,1,0.0,0.0
524,Haras El Hedoud,Momen Awad,6.50,0,0,2,33.33,2,0,1,1,0.0,0,0,0,0,0,0,0,0,0,0,0,1,0.0,0.0
525,El Dakhlya,Hussein Ragab,6.48,0,0,2,25.0,8,2,5,1,0.0,0,0,0,0,0,0,0,0,0,0,0,3,0.0,0.0
526,National Bank of Egypt,Moussa Diawara,6.48,1,0,2,22.22,7,2,4,1,14.29,0,0,0,0,0,0,1,0,1,0,0,1,0.0,0.0
527,Ghazl El Mahalla,Tarek Samy,6.48,0,0,0,0.0,0,0,0,0,0.0,0,0,0,0,0,0,0,0,0,0,0,0,0.0,0.0
528,Ismaily,Ahmed Mohsen,6.48,0,0,2,28.57,2,1,1,0,0.0,0,0,0,0,0,0,0,0,0,0,0,0,0.0,0.0
529,ENPPI,Ahmed Nader Hawash,6.47,1,0,5,25.0,7,2,4,1,14.29,0,0,0,1,0,1,0,0,1,0,0,2,0.0,0.0
530,Zamalek SC,Youssef Obama,6.47,0,0,0,0.0,1,1,0,0,0.0,0,0,0,0,0,0,0,0,0,0,0,1,0.0,0.0
531,Al Ahly FC,Rafaat Khalil,6.46,0,1,2,40.0,3,1,2,0,0.0,0,0,0,0,0,0,0,0,0,0,0,1,0.0,0.0
532,Tala'ea El-Gaish,Ashraf Magdy,6.46,0,0,3,42.86,1,1,0,0,0.0,0,0,0,0,0,0,0,0,0,0,0,1,0.0,0.0
533,Aswan SC,Ahmed Belya,6.45,0,0,0,0.0,1,0,1,0,0.0,0,0,0,0,0,0,0,0,0,0,0,0,0.0,0.0
534,Haras El Hedoud,Mahmoud Abou-Gouda,6.45,0,0,0,0.0,4,1,2,1,0.0,0,0,0,0,0,0,0,0,0,0,0,1,0.0,0.0
535,El Dakhlya,Fahd Gomaa,6.44,0,0,1,33.33,2,0,0,2,0.0,0,0,0,0,0,0,0,0,0,0,0,2,0.0,0.0
536,Zamalek SC,Abdallah Gomaa,6.43,0,0,2,40.0,0,0,0,0,0.0,0,0,0,0,0,0,0,0,0,0,0,0,0.0,0.0
537,Al-Masry,Anthony Okpotu,6.43,0,0,0,0.0,3,0,0,3,0.0,0,0,0,0,0,0,0,0,0,0,0,1,0.0,0.0
538,Al-Mokawloon,Mohamed Shawky Gharib,6.42,0,0,0,0.0,1,0,0,1,0.0,0,0,0,0,0,0,0,0,0,0,0,0,0.0,0.0
539,Aswan SC,Imad El Kabbou,6.40,0,0,0,0.0,0,0,0,0,0.0,0,0,0,0,0,0,0,0,0,0,0,0,0.0,0.0
540,Zamalek SC,Mohamad Salah Zaki,6.40,0,0,0,0.0,1,0,1,0,0.0,0,0,0,0,0,0,0,0,0,0,0,1,0.0,0.0
541,Ismaily,Ahmed Abdel Wahab,6.40,0,0,0,0.0,0,0,0,0,0.0,0,0,0,0,0,0,0,0,0,0,0,0,0.0,0.0
542,Smouha,Rida El Barjiji,6.40,0,0,0,0.0,0,0,0,0,0.0,0,0,0,0,0,0,0,0,0,0,0,0,0.0,0.0
543,Ceramica Cleopatra,Amer Mohamed,6.40,0,0,0,0.0,0,0,0,0,0.0,0,0,0,0,0,0,0,0,0,0,0,0,0.0,0.0
544,Al-Mokawloon,Ahmed Abo Egela,6.40,0,0,0,0.0,0,0,0,0,0.0,0,0,0,0,0,0,0,0,0,0,0,0,0.0,0.0
545,Al-Masry,Mohamed Fawzy Gad,6.40,0,0,0,0.0,0,0,0,0,0.0,0,0,0,0,0,0,0,0,0,0,0,0,0.0,0.0
546,Al-Mokawloon,Mohamed Abdelnasser,6.40,0,0,0,0.0,0,0,0,0,0.0,0,0,0,0,0,0,0,0,0,0,0,0,0.0,0.0
547,Pharco FC,Mohammad Fouad,6.40,0,0,1,50.0,0,0,0,0,0.0,0,0,0,0,0,0,0,0,0,0,0,0,0.0,0.0
548,Aswan SC,Bai Kamara,6.40,0,0,0,0.0,0,0,0,0,0.0,0,0,0,0,0,0,0,0,0,0,0,0,0.0,0.0
549,Haras El Hedoud,Ahmed Amer,6.40,0,0,0,0.0,1,0,0,1,0.0,0,0,0,0,0,0,0,0,0,0,0,1,0.0,0.0
550,Ismaily,AbouBakr El Gamal,6.40,0,0,0,0.0,0,0,0,0,0.0,0,0,0,0,0,0,0,0,0,0,0,0,0.0,0.0
551,El Dakhlya,Mahmoud Ezzat,6.40,0,0,0,0.0,0,0,0,0,0.0,0,0,0,0,0,0,0,0,0,0,0,0,0.0,0.0
552,Ceramica Cleopatra,Gabriel Chukwudi,6.40,0,1,5,50.0,2,1,1,0,0.0,0,0,0,0,0,0,0,0,0,0,0,0,0.0,0.0
553,Ismaily,Hamdi Nagguez,6.40,0,0,3,30.0,1,0,1,0,0.0,0,0,0,0,0,0,0,0,0,0,0,0,0.0,0.0
554,Zamalek SC,Zakaria El Wardi,6.37,0,1,0,0.0,2,0,1,1,0.0,0,0,0,0,0,0,0,0,0,0,0,0,0.0,0.0
555,National Bank of Egypt,Hossam El Saana,6.35,0,0,0,0.0,0,0,0,0,0.0,0,0,0,0,0,0,0,0,0,0,0,0,0.0,0.0
556,Pharco FC,Walid Farag,6.34,0,0,1,16.67,6,0,5,1,0.0,0,0,0,0,0,0,0,0,0,0,0,0,0.0,0.0
557,Al-Ittihad Alexandria,Mohamed Fares,6.34,0,0,0,0.0,7,2,3,2,0.0,0,0,0,0,0,0,0,0,0,0,0,0,0.0,0.0
558,Haras El Hedoud,Ahmed Kasem,6.33,0,0,0,0.0,0,0,0,0,0.0,0,0,0,0,0,0,0,0,0,0,0,0,0.0,0.0
559,Al-Ittihad Alexandria,Fawzi El Henawy,6.31,0,2,6,35.29,7,1,3,3,0.0,0,0,0,1,0,0,0,0,0,0,0,0,0.0,0.0
560,ENPPI,Dejan Meleg,6.30,0,0,0,0.0,0,0,0,0,0.0,0,0,0,0,0,0,0,0,0,0,0,0,0.0,0.0
561,Tala'ea El-Gaish,El Sayed Abou Amenah,6.30,0,0,0,0.0,0,0,0,0,0.0,0,0,0,0,0,0,0,0,0,0,0,0,0.0,0.0
562,Smouha,Ahmed Ali Amin,6.30,0,0,0,0.0,0,0,0,0,0.0,0,0,0,0,0,0,0,0,0,0,0,0,0.0,0.0
563,Ghazl El Mahalla,Sayed Shabrawy,6.28,0,0,3,50.0,1,0,0,1,0.0,0,0,0,0,0,0,0,0,0,0,0,1,0.0,0.0
564,Aswan SC,Mahmoud Salah,6.28,0,0,0,0.0,1,0,1,0,0.0,0,0,0,0,0,0,0,0,0,0,0,0,0.0,0.0
565,Pharco FC,Marwan Magdy,6.22,0,1,0,0.0,3,0,1,2,0.0,0,0,0,0,0,0,0,0,0,0,0,0,0.0,0.0
566,Modern Future FC,Hesham Hafez,6.20,0,0,2,50.0,0,0,0,0,0.0,0,0,0,0,0,0,0,0,0,0,0,0,0.0,0.0
567,Al-Ittihad Alexandria,Elsayed Salem,6.20,0,0,0,0.0,2,0,0,2,0.0,0,0,0,0,0,0,0,0,0,0,0,0,0.0,0.0
568,Al-Ittihad Alexandria,Ahmed Bahaa,5.82,0,0,2,33.33,1,0,1,0,0.0,0,0,0,0,0,0,0,0,0,0,0,0,0.0,0.0
569,National Bank of Egypt,Mahmoud El Zanfaly,5.80,0,0,0,0.0,0,0,0,0,0.0,0,0,0,0,0,0,0,0,0,0,0,0,0.0,0.0
570,Modern Future FC,Mostafa Ashraf,-,0,0,0,0.0,0,0,0,0,0.0,0,0,0,0,0,0,0,0,0,0,0,0,0.0,0.0
571,Aswan SC,Khaled Walid,-,0,0,0,0.0,0,0,0,0,0.0,0,0,0,0,0,0,0,0,0,0,0,0,0.0,0.0
572,Aswan SC,Islam Soliman,-,0,0,0,0.0,0,0,0,0,0.0,0,0,0,0,0,0,0,0,0,0,0,0,0.0,0.0
573,Pyramids FC,Youssef Shaaban,-,0,0,0,0.0,0,0,0,0,0.0,0,0,0,0,0,0,0,0,0,0,0,0,0.0,0.0
574,National Bank of Egypt,Khaled Mostafa,-,0,0,0,0.0,0,0,0,0,0.0,0,0,0,0,0,0,0,0,0,0,0,0,0.0,0.0
575,Modern Future FC,Mohamed Tarek,-,0,0,0,0.0,0,0,0,0,0.0,0,0,0,0,0,0,0,0,0,0,0,0,0.0,0.0
576,Pyramids FC,Mohamed Samy,-,0,0,0,0.0,0,0,0,0,0.0,0,0,0,0,0,0,0,0,0,0,0,0,0.0,0.0
577,Pyramids FC,Abdel Rahman Ayman,-,0,0,0,0.0,0,0,0,0,0.0,0,0,0,0,0,0,0,0,0,0,0,0,0.0,0.0
578,Pharco FC,Sabry Gad,-,0,0,0,0.0,0,0,0,0,0.0,0,0,0,0,0,0,0,0,0,0,0,0,0.0,0.0
579,Pyramids FC,Seif Ezzat,-,0,0,0,0.0,0,0,0,0,0.0,0,0,0,0,0,0,0,0,0,0,0,0,0.0,0.0
580,Tala'ea El-Gaish,Mohamed Ghazal,-,0,0,0,0.0,0,0,0,0,0.0,0,0,0,0,0,0,0,0,0,0,0,0,0.0,0.0
581,Ceramica Cleopatra,Eslam Risha,-,0,0,0,0.0,0,0,0,0,0.0,0,0,0,0,0,0,0,0,0,0,0,0,0.0,0.0
582,Pyramids FC,Mahmoud Gamal,-,0,0,0,0.0,0,0,0,0,0.0,0,0,0,0,0,0,0,0,0,0,0,0,0.0,0.0
583,National Bank of Egypt,Hossam Ashraf,-,0,1,0,0.0,1,0,1,0,0.0,0,0,0,0,0,0,0,0,0,0,0,0,0.0,0.0
584,National Bank of Egypt,Mohamed Hamed,-,0,0,0,0.0,0,0,0,0,0.0,0,0,0,0,0,0,0,0,0,0,0,0,0.0,0.0
585,Al-Masry,Mohamed El Zareef,-,0,0,0,0.0,0,0,0,0,0.0,0,0,0,0,0,0,0,0,0,0,0,0,0.0,0.0
586,Pharco FC,Ahmed Abdulaziz,-,0,0,0,0.0,0,0,0,0,0.0,0,0,0,0,0,0,0,0,0,0,0,0,0.0,0.0
587,Pyramids FC,Youssef Nader,-,0,0,0,0.0,0,0,0,0,0.0,0,0,0,0,0,0,0,0,0,0,0,0,0.0,0.0
588,Pharco FC,Hesham Fathallah,-,0,0,0,0.0,0,0,0,0,0.0,0,0,0,0,0,0,0,0,0,0,0,0,0.0,0.0
589,Aswan SC,Alaa Salama,-,0,0,0,0.0,0,0,0,0,0.0,0,0,0,0,0,0,0,0,0,0,0,0,0.0,0.0
590,El Dakhlya,Mustafa Abdelkader,-,0,0,0,0.0,0,0,0,0,0.0,0,0,0,0,0,0,0,0,0,0,0,0,0.0,0.0
591,Al-Mokawloon,Ademola Shobowale,-,0,0,0,0.0,0,0,0,0,0.0,0,0,0,0,0,0,0,0,0,0,0,0,0.0,0.0
592,Ismaily,Mohamed Wagdi,-,0,0,2,66.67,1,0,1,0,0.0,0,0,0,0,0,0,0,0,0,0,0,0,0.0,0.0
593,Aswan SC,Elhusseini Samir,-,0,0,0,0.0,1,0,1,0,0.0,0,0,0,0,0,0,0,0,0,0,0,0,0.0,0.0
594,Ceramica Cleopatra,Abdelrahman Hassan,-,0,0,1,100.0,0,0,0,0,0.0,0,0,0,0,0,0,0,0,0,0,0,0,0.0,0.0
595,Aswan SC,Gamal El Said,-,0,0,0,0.0,0,0,0,0,0.0,0,0,0,0,0,0,0,0,0,0,0,0,0.0,0.0
596,Aswan SC,Amin Mohamed Amin,-,0,0,0,0.0,0,0,0,0,0.0,0,0,0,0,0,0,0,0,0,0,0,0,0.0,0.0
597,El Dakhlya,Gamal Montasser,-,0,0,0,0.0,0,0,0,0,0.0,0,0,0,0,0,0,0,0,0,0,0,0,0.0,0.0
598,Modern Future FC,Bello Babatunde Martins,-,0,0,0,0.0,0,0,0,0,0.0,0,0,0,0,0,0,0,0,0,0,0,0,0.0,0.0
599,Pyramids FC,Ibrahim Sheta,-,0,0,0,0.0,0,0,0,0,0.0,0,0,0,0,0,0,0,0,0,0,0,0,0.0,0.0
600,Ghazl El Mahalla,Atef Al Hakim,-,0,0,0,0.0,0,0,0,0,0.0,0,0,0,0,0,0,0,0,0,0,0,0,0.0,0.0
601,Ghazl El Mahalla,Ahmad Algeaidy,-,0,0,0,0.0,0,0,0,0,0.0,0,0,0,0,0,0,0,0,0,0,0,1,0.0,0.0
