Date,HomeTeam,AwayTeam,HomeScore,AwayScore,MatchState,MatchLink,MatchCode
08/09/17,El Dakhlya,Petrojet,1,1,FT,https://www.sofascore.com/el-dakhlya-petrojet/rwrsrqy#7556578,7556578
08/09/17,Al-Mokawloon,El Raja,3,0,FT,https://www.sofascore.com/el-raja-al-mokawloon/pXqsLIdb#7564321,7564321
09/09/17,Tanta,Al Nasr,0,0,FT,https://www.sofascore.com/tanta-al-nasr-cairo/UrkbsACLb#7556574,7556574
09/09/17,Al-Ittihad,Ismaily,2,4,FT,https://www.sofascore.com/ismaily-al-ittihad-alexandria/MdosqXq#7556576,7556576
09/09/17,El-Entag,Zamalek,1,1,FT,https://www.sofascore.com/el-entag-el-harby-zamalek-sc/tXqsmwr#7556579,7556579
10/09/17,Pyramids,El-Makkasa,1,1,FT,https://www.sofascore.com/pyramids-fc-misr-el-makkasa/jwrscavb#7556573,7556573
10/09/17,Al-Masry,Wadi Degla,1,0,FT,https://www.sofascore.com/wadi-degla-al-masry/kwrstwr#7556577,7556577
10/09/17,Al Ahly,El-Gaish,1,1,FT,https://www.sofascore.com/talaea-el-gaish-al-ahly-fc/kNcslwr#7556572,7556572
11/09/17,ENPPI,Smouha,1,1,FT,https://www.sofascore.com/enppi-smouha/nwrsowr#7556575,7556575
14/09/17,Petrojet,Al-Masry,0,1,FT,https://www.sofascore.com/petrojet-al-masry/kwrsrwr#7575649,7575649
14/09/17,El-Gaish,El-Entag,2,2,FT,https://www.sofascore.com/el-entag-el-harby-talaea-el-gaish/lwrsmwr#7575653,7575653
15/09/17,El Raja,Pyramids,0,2,FT,https://www.sofascore.com/pyramids-fc-el-raja/LIdbscavb#7575651,7575651
16/09/17,Al Nasr,Al-Ittihad,2,3,FT,https://www.sofascore.com/al-nasr-cairo-al-ittihad-alexandria/MdosUrkb#7575652,7575652
16/09/17,Wadi Degla,ENPPI,2,1,FT,https://www.sofascore.com/wadi-degla-enppi/owrstwr#7575648,7575648
17/09/17,Smouha,Tanta,2,0,FT,https://www.sofascore.com/tanta-smouha/nwrsACLb#7575647,7575647
17/09/17,Ismaily,Al-Mokawloon,1,1,FT,https://www.sofascore.com/ismaily-al-mokawloon/pXqsqXq#7575654,7575654
17/09/17,Zamalek,El Dakhlya,3,0,FT,https://www.sofascore.com/el-dakhlya-zamalek-sc/tXqsrqy#7575650,7575650
30/10/17,El-Makkasa,Al Ahly,None,None,Canceled,https://www.sofascore.com/misr-el-makkasa-al-ahly-fc/kNcsjwr#7629202,7629202
10/12/17,El-Makkasa,Al Ahly,3,2,FT,https://www.sofascore.com/misr-el-makkasa-al-ahly-fc/kNcsjwr#7646596,7646596
21/09/17,ENPPI,Petrojet,0,2,FT,https://www.sofascore.com/petrojet-enppi/owrsrwr#7575646,7575646
21/09/17,Smouha,Al Nasr,1,1,FT,https://www.sofascore.com/al-nasr-cairo-smouha/nwrsUrkb#7575645,7575645
21/09/17,El-Entag,El-Makkasa,1,0,FT,https://www.sofascore.com/el-entag-el-harby-misr-el-makkasa/jwrsmwr#7575640,7575640
22/09/17,Tanta,Wadi Degla,3,1,FT,https://www.sofascore.com/tanta-wadi-degla/twrsACLb#7575644,7575644
22/09/17,Al-Mokawloon,Al-Ittihad,3,2,FT,https://www.sofascore.com/al-mokawloon-al-ittihad-alexandria/MdospXq#7575639,7575639
22/09/17,Al-Masry,Zamalek,1,2,FT,https://www.sofascore.com/al-masry-zamalek-sc/tXqskwr#7575641,7575641
23/09/17,Pyramids,Ismaily,0,2,FT,https://www.sofascore.com/pyramids-fc-ismaily/qXqscavb#7575642,7575642
23/09/17,El Dakhlya,El-Gaish,1,2,FT,https://www.sofascore.com/el-dakhlya-talaea-el-gaish/lwrsrqy#7575643,7575643
16/10/17,Al Ahly,El Raja,4,1,FT,https://www.sofascore.com/el-raja-al-ahly-fc/kNcsLIdb#7616847,7616847
27/09/17,El Raja,El-Entag,0,2,FT,https://www.sofascore.com/el-raja-el-entag-el-harby/mwrsLIdb#7589252,7589252
28/09/17,Al Nasr,Al-Mokawloon,1,2,FT,https://www.sofascore.com/al-nasr-cairo-al-mokawloon/pXqsUrkb#7589253,7589253
28/09/17,El-Gaish,Al-Masry,0,4,FT,https://www.sofascore.com/talaea-el-gaish-al-masry/kwrslwr#7589255,7589255
28/09/17,Wadi Degla,Smouha,0,1,FT,https://www.sofascore.com/wadi-degla-smouha/nwrstwr#7589257,7589257
29/09/17,Al-Ittihad,Pyramids,2,0,FT,https://www.sofascore.com/pyramids-fc-al-ittihad-alexandria/Mdoscavb#7589256,7589256
29/09/17,Zamalek,ENPPI,0,0,FT,https://www.sofascore.com/enppi-zamalek-sc/tXqsowr#7589259,7589259
30/09/17,Petrojet,Tanta,1,1,FT,https://www.sofascore.com/tanta-petrojet/rwrsACLb#7589254,7589254
30/09/17,El-Makkasa,El Dakhlya,1,2,FT,https://www.sofascore.com/el-dakhlya-misr-el-makkasa/jwrsrqy#7589258,7589258
20/11/17,Ismaily,Al Ahly,0,2,FT,https://www.sofascore.com/ismaily-al-ahly-fc/kNcsqXq#7646594,7646594
11/10/17,El Dakhlya,El Raja,2,0,FT,https://www.sofascore.com/el-raja-el-dakhlya/rqysLIdb#7598962,7598962
11/10/17,Smouha,Petrojet,0,0,FT,https://www.sofascore.com/petrojet-smouha/nwrsrwr#7598966,7598966
11/10/17,Wadi Degla,Al Nasr,1,1,FT,https://www.sofascore.com/al-nasr-cairo-wadi-degla/twrsUrkb#7598963,7598963
12/10/17,Pyramids,Al-Mokawloon,1,1,FT,https://www.sofascore.com/pyramids-fc-al-mokawloon/pXqscavb#7598964,7598964
12/10/17,Al-Masry,El-Makkasa,3,2,FT,https://www.sofascore.com/al-masry-misr-el-makkasa/jwrskwr#7598965,7598965
12/10/17,Al Ahly,Al-Ittihad,2,0,FT,https://www.sofascore.com/al-ittihad-alexandria-al-ahly-fc/kNcsMdo#7598969,7598969
13/10/17,El-Entag,Ismaily,0,1,FT,https://www.sofascore.com/el-entag-el-harby-ismaily/qXqsmwr#7598968,7598968
13/10/17,Tanta,Zamalek,1,1,FT,https://www.sofascore.com/tanta-zamalek-sc/tXqsACLb#7598970,7598970
13/10/17,ENPPI,El-Gaish,1,1,FT,https://www.sofascore.com/enppi-talaea-el-gaish/lwrsowr#7598967,7598967
19/10/17,Al Nasr,Pyramids,2,2,FT,https://www.sofascore.com/pyramids-fc-al-nasr-cairo/Urkbscavb#7618574,7618574
19/10/17,El-Gaish,Tanta,0,0,FT,https://www.sofascore.com/tanta-talaea-el-gaish/lwrsACLb#7618573,7618573
19/10/17,El-Makkasa,ENPPI,1,2,FT,https://www.sofascore.com/enppi-misr-el-makkasa/jwrsowr#7618577,7618577
19/10/17,Al-Ittihad,El-Entag,1,1,FT,https://www.sofascore.com/el-entag-el-harby-al-ittihad-alexandria/Mdosmwr#7618572,7618572
20/10/17,El Raja,Al-Masry,0,0,FT,https://www.sofascore.com/el-raja-al-masry/kwrsLIdb#7618575,7618575
20/10/17,Petrojet,Wadi Degla,2,2,FT,https://www.sofascore.com/wadi-degla-petrojet/rwrstwr#7618576,7618576
20/10/17,Ismaily,El Dakhlya,2,1,FT,https://www.sofascore.com/el-dakhlya-ismaily/qXqsrqy#7618579,7618579
20/10/17,Zamalek,Smouha,0,3,FT,https://www.sofascore.com/smouha-zamalek-sc/tXqsnwr#7618578,7618578
08/02/18,Al-Mokawloon,Al Ahly,0,3,FT,https://www.sofascore.com/al-mokawloon-al-ahly-fc/kNcspXq#7672135,7672135
26/10/17,Tanta,El-Makkasa,3,3,FT,https://www.sofascore.com/tanta-misr-el-makkasa/jwrsACLb#7618585,7618585
26/10/17,Smouha,El-Gaish,0,1,FT,https://www.sofascore.com/smouha-talaea-el-gaish/lwrsnwr#7618583,7618583
26/10/17,Al Ahly,Pyramids,None,None,Canceled,https://www.sofascore.com/pyramids-fc-al-ahly-fc/kNcscavb#7618584,7618584
27/10/17,El Dakhlya,Al-Ittihad,2,2,FT,https://www.sofascore.com/el-dakhlya-al-ittihad-alexandria/Mdosrqy#7618581,7618581
27/10/17,Al-Masry,Ismaily,1,2,FT,https://www.sofascore.com/al-masry-ismaily/qXqskwr#7618587,7618587
27/10/17,ENPPI,El Raja,2,0,FT,https://www.sofascore.com/el-raja-enppi/owrsLIdb#7618586,7618586
27/10/17,El-Entag,Al-Mokawloon,2,3,FT,https://www.sofascore.com/el-entag-el-harby-al-mokawloon/pXqsmwr#7618582,7618582
28/10/17,Petrojet,Al Nasr,2,0,FT,https://www.sofascore.com/al-nasr-cairo-petrojet/rwrsUrkb#7618580,7618580
29/10/17,Wadi Degla,Zamalek,0,3,FT,https://www.sofascore.com/wadi-degla-zamalek-sc/tXqstwr#7618589,7618589
06/12/17,Al Ahly,Pyramids,1,0,FT,https://www.sofascore.com/pyramids-fc-al-ahly-fc/kNcscavb#7646595,7646595
02/11/17,Al-Mokawloon,El Dakhlya,1,1,FT,https://www.sofascore.com/el-dakhlya-al-mokawloon/pXqsrqy#7631063,7631063
02/11/17,Ismaily,ENPPI,1,1,FT,https://www.sofascore.com/enppi-ismaily/qXqsowr#7631064,7631064
03/11/17,El Raja,Tanta,0,1,FT,https://www.sofascore.com/tanta-el-raja/LIdbsACLb#7630208,7630208
03/11/17,Zamalek,Petrojet,3,0,FT,https://www.sofascore.com/petrojet-zamalek-sc/tXqsrwr#7630210,7630210
04/11/17,Pyramids,El-Entag,3,1,FT,https://www.sofascore.com/pyramids-fc-el-entag-el-harby/mwrscavb#7630211,7630211
04/11/17,Al-Ittihad,Al-Masry,0,1,FT,https://www.sofascore.com/al-masry-al-ittihad-alexandria/Mdoskwr#7630209,7630209
04/11/17,El-Gaish,Wadi Degla,0,0,FT,https://www.sofascore.com/wadi-degla-talaea-el-gaish/lwrstwr#7630212,7630212
05/11/17,El-Makkasa,Smouha,2,0,FT,https://www.sofascore.com/smouha-misr-el-makkasa/jwrsnwr#7630213,7630213
02/01/18,Al Nasr,Al Ahly,0,4,FT,https://www.sofascore.com/al-nasr-cairo-al-ahly-fc/kNcsUrkb#7672134,7672134
15/11/17,El Dakhlya,Pyramids,2,0,FT,https://www.sofascore.com/pyramids-fc-el-dakhlya/rqyscavb#7635958,7635958
15/11/17,ENPPI,Al-Ittihad,2,0,FT,https://www.sofascore.com/enppi-al-ittihad-alexandria/Mdosowr#7635952,7635952
15/11/17,Wadi Degla,El-Makkasa,3,3,FT,https://www.sofascore.com/wadi-degla-misr-el-makkasa/jwrstwr#7635951,7635951
16/11/17,Tanta,Ismaily,0,1,FT,https://www.sofascore.com/tanta-ismaily/qXqsACLb#7635954,7635954
16/11/17,Smouha,El Raja,1,0,FT,https://www.sofascore.com/el-raja-smouha/nwrsLIdb#7635955,7635955
16/11/17,El-Entag,Al Ahly,1,2,FT,https://www.sofascore.com/el-entag-el-harby-al-ahly-fc/kNcsmwr#7635956,7635956
17/11/17,Petrojet,El-Gaish,2,0,FT,https://www.sofascore.com/petrojet-talaea-el-gaish/lwrsrwr#7635957,7635957
17/11/17,Zamalek,Al Nasr,2,1,FT,https://www.sofascore.com/al-nasr-cairo-zamalek-sc/tXqsUrkb#7635953,7635953
18/11/17,Al-Masry,Al-Mokawloon,1,0,FT,https://www.sofascore.com/al-masry-al-mokawloon/pXqskwr#7635959,7635959
21/11/17,Al-Ittihad,Tanta,1,1,FT,https://www.sofascore.com/tanta-al-ittihad-alexandria/MdosACLb#7635969,7635969
22/11/17,El Raja,Wadi Degla,3,3,FT,https://www.sofascore.com/el-raja-wadi-degla/twrsLIdb#7635963,7635963
22/11/17,El-Makkasa,Petrojet,2,0,FT,https://www.sofascore.com/petrojet-misr-el-makkasa/jwrsrwr#7635967,7635967
23/11/17,Pyramids,Al-Masry,1,2,FT,https://www.sofascore.com/pyramids-fc-al-masry/kwrscavb#7635966,7635966
23/11/17,Al Nasr,El-Entag,0,1,FT,https://www.sofascore.com/al-nasr-cairo-el-entag-el-harby/mwrsUrkb#7635968,7635968
23/11/17,Al-Mokawloon,ENPPI,2,2,FT,https://www.sofascore.com/enppi-al-mokawloon/pXqsowr#7635970,7635970
24/11/17,Ismaily,Smouha,1,0,FT,https://www.sofascore.com/smouha-ismaily/qXqsnwr#7635971,7635971
24/11/17,Al Ahly,El Dakhlya,2,0,FT,https://www.sofascore.com/el-dakhlya-al-ahly-fc/kNcsrqy#7635972,7635972
03/01/18,El-Gaish,Zamalek,1,0,FT,https://www.sofascore.com/talaea-el-gaish-zamalek-sc/tXqslwr#7635965,7635965
27/11/17,Petrojet,El Raja,0,1,FT,https://www.sofascore.com/el-raja-petrojet/rwrsLIdb#7651749,7651749
27/11/17,El-Gaish,Al Nasr,1,3,FT,https://www.sofascore.com/al-nasr-cairo-talaea-el-gaish/lwrsUrkb#7651751,7651751
27/11/17,Zamalek,El-Makkasa,1,3,FT,https://www.sofascore.com/misr-el-makkasa-zamalek-sc/tXqsjwr#7651754,7651754
28/11/17,Tanta,Al-Mokawloon,0,1,FT,https://www.sofascore.com/tanta-al-mokawloon/pXqsACLb#7651748,7651748
28/11/17,ENPPI,Pyramids,0,0,FT,https://www.sofascore.com/pyramids-fc-enppi/owrscavb#7651750,7651750
28/11/17,Al-Masry,Al Ahly,0,2,FT,https://www.sofascore.com/al-masry-al-ahly-fc/kNcskwr#7651752,7651752
29/11/17,El Dakhlya,El-Entag,0,1,FT,https://www.sofascore.com/el-dakhlya-el-entag-el-harby/mwrsrqy#7651761,7651761
29/11/17,Smouha,Al-Ittihad,1,1,FT,https://www.sofascore.com/smouha-al-ittihad-alexandria/Mdosnwr#7651755,7651755
29/11/17,Wadi Degla,Ismaily,1,2,FT,https://www.sofascore.com/wadi-degla-ismaily/qXqstwr#7651757,7651757
02/12/17,Pyramids,Tanta,2,1,FT,https://www.sofascore.com/tanta-pyramids-fc/cavbsACLb#7651756,7651756
02/12/17,El Raja,Zamalek,1,1,FT,https://www.sofascore.com/el-raja-zamalek-sc/tXqsLIdb#7651772,7651772
02/12/17,Al Ahly,ENPPI,4,1,FT,https://www.sofascore.com/enppi-al-ahly-fc/kNcsowr#7651759,7651759
03/12/17,Ismaily,Petrojet,0,0,FT,https://www.sofascore.com/petrojet-ismaily/qXqsrwr#7651758,7651758
03/12/17,Al-Ittihad,Wadi Degla,4,0,FT,https://www.sofascore.com/wadi-degla-al-ittihad-alexandria/Mdostwr#7651753,7651753
03/12/17,Al-Mokawloon,Smouha,0,3,FT,https://www.sofascore.com/smouha-al-mokawloon/pXqsnwr#7651760,7651760
04/12/17,Al Nasr,El Dakhlya,0,0,FT,https://www.sofascore.com/al-nasr-cairo-el-dakhlya/rqysUrkb#7656562,7656562
04/12/17,El-Entag,Al-Masry,1,1,FT,https://www.sofascore.com/el-entag-el-harby-al-masry/kwrsmwr#7656605,7656605
04/12/17,El-Makkasa,El-Gaish,4,0,FT,https://www.sofascore.com/talaea-el-gaish-misr-el-makkasa/jwrslwr#7656604,7656604
13/12/17,El-Gaish,El Raja,2,1,FT,https://www.sofascore.com/el-raja-talaea-el-gaish/lwrsLIdb#7656601,7656601
13/12/17,Al-Masry,El Dakhlya,1,1,FT,https://www.sofascore.com/el-dakhlya-al-masry/kwrsrqy#7656600,7656600
13/12/17,ENPPI,El-Entag,2,0,FT,https://www.sofascore.com/enppi-el-entag-el-harby/mwrsowr#7656602,7656602
14/12/17,El-Makkasa,Al Nasr,1,4,FT,https://www.sofascore.com/al-nasr-cairo-misr-el-makkasa/jwrsUrkb#7656596,7656596
14/12/17,Wadi Degla,Al-Mokawloon,2,0,FT,https://www.sofascore.com/wadi-degla-al-mokawloon/pXqstwr#7656603,7656603
14/12/17,Zamalek,Ismaily,0,1,FT,https://www.sofascore.com/zamalek-sc-ismaily/qXqstXq#7656595,7656595
15/12/17,Smouha,Pyramids,1,3,FT,https://www.sofascore.com/pyramids-fc-smouha/nwrscavb#7656599,7656599
15/12/17,Tanta,Al Ahly,1,1,FT,https://www.sofascore.com/tanta-al-ahly-fc/kNcsACLb#7656598,7656598
15/12/17,Petrojet,Al-Ittihad,2,0,FT,https://www.sofascore.com/petrojet-al-ittihad-alexandria/Mdosrwr#7656597,7656597
18/12/17,Al Nasr,Al-Masry,2,3,FT,https://www.sofascore.com/al-nasr-cairo-al-masry/kwrsUrkb#7669325,7669325
18/12/17,El Dakhlya,ENPPI,1,2,FT,https://www.sofascore.com/el-dakhlya-enppi/owrsrqy#7669324,7669324
19/12/17,El Raja,El-Makkasa,1,1,FT,https://www.sofascore.com/el-raja-misr-el-makkasa/jwrsLIdb#7669330,7669330
19/12/17,El-Entag,Tanta,1,0,FT,https://www.sofascore.com/tanta-el-entag-el-harby/mwrsACLb#7669327,7669327
19/12/17,Ismaily,El-Gaish,1,1,FT,https://www.sofascore.com/talaea-el-gaish-ismaily/qXqslwr#7669331,7669331
19/12/17,Al-Mokawloon,Petrojet,2,0,FT,https://www.sofascore.com/petrojet-al-mokawloon/pXqsrwr#7669326,7669326
20/12/17,Pyramids,Wadi Degla,0,2,FT,https://www.sofascore.com/pyramids-fc-wadi-degla/twrscavb#7669323,7669323
20/12/17,Al-Ittihad,Zamalek,0,2,FT,https://www.sofascore.com/zamalek-sc-al-ittihad-alexandria/MdostXq#7669329,7669329
20/12/17,Al Ahly,Smouha,2,1,FT,https://www.sofascore.com/smouha-al-ahly-fc/kNcsnwr#7669328,7669328
22/12/17,ENPPI,Al-Masry,2,1,FT,https://www.sofascore.com/enppi-al-masry/kwrsowr#7669332,7669332
23/12/17,Tanta,El Dakhlya,1,2,FT,https://www.sofascore.com/tanta-el-dakhlya/rqysACLb#7669337,7669337
23/12/17,El-Makkasa,Ismaily,1,4,FT,https://www.sofascore.com/misr-el-makkasa-ismaily/qXqsjwr#7669333,7669333
23/12/17,El Raja,Al Nasr,0,0,FT,https://www.sofascore.com/al-nasr-cairo-el-raja/LIdbsUrkb#7669335,7669335
24/12/17,Petrojet,Pyramids,1,2,FT,https://www.sofascore.com/pyramids-fc-petrojet/rwrscavb#7669336,7669336
24/12/17,Smouha,El-Entag,2,1,FT,https://www.sofascore.com/smouha-el-entag-el-harby/mwrsnwr#7669338,7669338
25/12/17,El-Gaish,Al-Ittihad,0,0,FT,https://www.sofascore.com/talaea-el-gaish-al-ittihad-alexandria/Mdoslwr#7669341,7669341
25/12/17,Wadi Degla,Al Ahly,1,1,FT,https://www.sofascore.com/wadi-degla-al-ahly-fc/kNcstwr#7669334,7669334
26/12/17,Zamalek,Al-Mokawloon,1,0,FT,https://www.sofascore.com/zamalek-sc-al-mokawloon/pXqstXq#7669340,7669340
27/12/17,ENPPI,Al Nasr,1,1,FT,https://www.sofascore.com/al-nasr-cairo-enppi/owrsUrkb#7669339,7669339
27/12/17,Ismaily,El Raja,5,0,FT,https://www.sofascore.com/el-raja-ismaily/qXqsLIdb#7669344,7669344
28/12/17,Al-Masry,Tanta,6,3,FT,https://www.sofascore.com/tanta-al-masry/kwrsACLb#7669342,7669342
29/12/17,Al-Ittihad,El-Makkasa,2,2,FT,https://www.sofascore.com/misr-el-makkasa-al-ittihad-alexandria/Mdosjwr#7669349,7669349
29/12/17,Al Ahly,Petrojet,3,0,FT,https://www.sofascore.com/petrojet-al-ahly-fc/kNcsrwr#7669343,7669343
30/12/17,El Dakhlya,Smouha,0,0,FT,https://www.sofascore.com/el-dakhlya-smouha/nwrsrqy#7669346,7669346
30/12/17,Pyramids,Zamalek,0,1,FT,https://www.sofascore.com/pyramids-fc-zamalek-sc/tXqscavb#7669345,7669345
30/12/17,Al-Mokawloon,El-Gaish,0,2,FT,https://www.sofascore.com/talaea-el-gaish-al-mokawloon/pXqslwr#7669347,7669347
30/12/17,El-Entag,Wadi Degla,2,0,FT,https://www.sofascore.com/wadi-degla-el-entag-el-harby/mwrstwr#7669348,7669348
04/01/18,El Raja,Al-Ittihad,0,0,FT,https://www.sofascore.com/el-raja-al-ittihad-alexandria/MdosLIdb#7675984,7675984
04/01/18,El-Makkasa,Al-Mokawloon,0,2,FT,https://www.sofascore.com/misr-el-makkasa-al-mokawloon/pXqsjwr#7675982,7675982
05/01/18,Tanta,ENPPI,0,1,FT,https://www.sofascore.com/tanta-enppi/owrsACLb#7675979,7675979
05/01/18,Petrojet,El-Entag,1,0,FT,https://www.sofascore.com/petrojet-el-entag-el-harby/mwrsrwr#7675981,7675981
05/01/18,Smouha,Al-Masry,3,2,FT,https://www.sofascore.com/smouha-al-masry/kwrsnwr#7675980,7675980
05/01/18,Wadi Degla,El Dakhlya,1,2,FT,https://www.sofascore.com/el-dakhlya-wadi-degla/twrsrqy#7675977,7675977
06/01/18,Al Nasr,Ismaily,None,None,Canceled,https://www.sofascore.com/al-nasr-cairo-ismaily/qXqsUrkb#7675975,7675975
08/01/18,Zamalek,Al Ahly,0,3,FT,https://www.sofascore.com/zamalek-sc-al-ahly-fc/kNcstXq#7675976,7675976
09/01/18,El-Gaish,Pyramids,2,1,FT,https://www.sofascore.com/pyramids-fc-talaea-el-gaish/lwrscavb#7675978,7675978
09/01/18,Al Nasr,Ismaily,2,3,FT,https://www.sofascore.com/al-nasr-cairo-ismaily/qXqsUrkb#7681811,7681811
13/01/18,El Raja,Al-Mokawloon,1,0,FT,https://www.sofascore.com/el-raja-al-mokawloon/pXqsLIdb#7675983,7675983
13/01/18,El-Makkasa,Pyramids,0,0,FT,https://www.sofascore.com/pyramids-fc-misr-el-makkasa/jwrscavb#7675993,7675993
13/01/18,Ismaily,Al-Ittihad,0,0,FT,https://www.sofascore.com/ismaily-al-ittihad-alexandria/MdosqXq#7675989,7675989
13/01/18,Al Nasr,Tanta,1,2,FT,https://www.sofascore.com/tanta-al-nasr-cairo/UrkbsACLb#7675986,7675986
14/01/18,Petrojet,El Dakhlya,1,1,FT,https://www.sofascore.com/el-dakhlya-petrojet/rwrsrqy#7675987,7675987
14/01/18,Smouha,ENPPI,4,0,FT,https://www.sofascore.com/enppi-smouha/nwrsowr#7675991,7675991
14/01/18,Zamalek,El-Entag,0,0,FT,https://www.sofascore.com/el-entag-el-harby-zamalek-sc/tXqsmwr#7675990,7675990
16/01/18,Wadi Degla,Al-Masry,0,0,FT,https://www.sofascore.com/wadi-degla-al-masry/kwrstwr#7675985,7675985
16/01/18,El-Gaish,Al Ahly,0,2,FT,https://www.sofascore.com/talaea-el-gaish-al-ahly-fc/kNcslwr#7675988,7675988
17/01/18,Pyramids,El Raja,3,1,FT,https://www.sofascore.com/pyramids-fc-el-raja/LIdbscavb#7675994,7675994
17/01/18,Al-Ittihad,Al Nasr,3,0,FT,https://www.sofascore.com/al-nasr-cairo-al-ittihad-alexandria/MdosUrkb#7675992,7675992
17/01/18,Al-Mokawloon,Ismaily,2,0,FT,https://www.sofascore.com/ismaily-al-mokawloon/pXqsqXq#7675997,7675997
18/01/18,El Dakhlya,Zamalek,1,2,FT,https://www.sofascore.com/el-dakhlya-zamalek-sc/tXqsrqy#7675996,7675996
19/01/18,Tanta,Smouha,1,0,FT,https://www.sofascore.com/tanta-smouha/nwrsACLb#7675999,7675999
20/01/18,Al-Masry,Petrojet,2,1,FT,https://www.sofascore.com/petrojet-al-masry/kwrsrwr#7675995,7675995
20/01/18,ENPPI,Wadi Degla,1,0,FT,https://www.sofascore.com/wadi-degla-enppi/owrstwr#7676000,7676000
20/01/18,El-Entag,El-Gaish,1,0,FT,https://www.sofascore.com/el-entag-el-harby-talaea-el-gaish/lwrsmwr#7676001,7676001
21/01/18,Al Ahly,El-Makkasa,2,1,FT,https://www.sofascore.com/misr-el-makkasa-al-ahly-fc/kNcsjwr#7675998,7675998
22/01/18,Al-Ittihad,Al-Mokawloon,1,1,FT,https://www.sofascore.com/al-mokawloon-al-ittihad-alexandria/MdospXq#7690182,7690182
22/01/18,Ismaily,Pyramids,1,1,FT,https://www.sofascore.com/pyramids-fc-ismaily/qXqscavb#7690177,7690177
23/01/18,Al Nasr,Smouha,0,2,FT,https://www.sofascore.com/al-nasr-cairo-smouha/nwrsUrkb#7690176,7690176
24/01/18,Wadi Degla,Tanta,0,0,FT,https://www.sofascore.com/tanta-wadi-degla/twrsACLb#7690180,7690180
24/01/18,Petrojet,ENPPI,1,0,FT,https://www.sofascore.com/petrojet-enppi/owrsrwr#7690183,7690183
24/01/18,El-Gaish,El Dakhlya,0,2,FT,https://www.sofascore.com/el-dakhlya-talaea-el-gaish/lwrsrqy#7690179,7690179
24/01/18,Zamalek,Al-Masry,0,1,FT,https://www.sofascore.com/al-masry-zamalek-sc/tXqskwr#7690178,7690178
25/01/18,El Raja,Al Ahly,1,3,FT,https://www.sofascore.com/el-raja-al-ahly-fc/kNcsLIdb#7690185,7690185
25/01/18,El-Makkasa,El-Entag,3,1,FT,https://www.sofascore.com/el-entag-el-harby-misr-el-makkasa/jwrsmwr#7690181,7690181
28/01/18,Pyramids,Al-Ittihad,1,1,FT,https://www.sofascore.com/pyramids-fc-al-ittihad-alexandria/Mdoscavb#7690184,7690184
28/01/18,Al-Mokawloon,Al Nasr,2,2,FT,https://www.sofascore.com/al-nasr-cairo-al-mokawloon/pXqsUrkb#7690187,7690187
29/01/18,Tanta,Petrojet,0,0,FT,https://www.sofascore.com/tanta-petrojet/rwrsACLb#7690189,7690189
29/01/18,Smouha,Wadi Degla,2,1,FT,https://www.sofascore.com/wadi-degla-smouha/nwrstwr#7690191,7690191
29/01/18,El-Entag,El Raja,2,1,FT,https://www.sofascore.com/el-raja-el-entag-el-harby/mwrsLIdb#7690193,7690193
30/01/18,El-Makkasa,El Dakhlya,2,2,FT,https://www.sofascore.com/el-dakhlya-misr-el-makkasa/jwrsrqy#7690192,7690192
30/01/18,Al Ahly,Ismaily,1,0,FT,https://www.sofascore.com/ismaily-al-ahly-fc/kNcsqXq#7690190,7690190
31/01/18,Al-Masry,El-Gaish,0,0,FT,https://www.sofascore.com/talaea-el-gaish-al-masry/kwrslwr#7690194,7690194
31/01/18,ENPPI,Zamalek,0,0,FT,https://www.sofascore.com/enppi-zamalek-sc/tXqsowr#7690198,7690198
02/02/18,Al-Mokawloon,Pyramids,1,1,FT,https://www.sofascore.com/pyramids-fc-al-mokawloon/pXqscavb#7690195,7690195
02/02/18,Petrojet,Smouha,2,1,FT,https://www.sofascore.com/petrojet-smouha/nwrsrwr#7690197,7690197
02/02/18,Al Nasr,Wadi Degla,0,1,FT,https://www.sofascore.com/al-nasr-cairo-wadi-degla/twrsUrkb#7690200,7690200
03/02/18,El Raja,El Dakhlya,0,1,FT,https://www.sofascore.com/el-raja-el-dakhlya/rqysLIdb#7690196,7690196
03/02/18,Ismaily,El-Entag,2,0,FT,https://www.sofascore.com/el-entag-el-harby-ismaily/qXqsmwr#7690199,7690199
04/02/18,El-Gaish,ENPPI,1,0,FT,https://www.sofascore.com/enppi-talaea-el-gaish/lwrsowr#7690202,7690202
04/02/18,Al-Ittihad,Al Ahly,0,3,FT,https://www.sofascore.com/al-ittihad-alexandria-al-ahly-fc/kNcsMdo#7690201,7690201
04/02/18,Zamalek,Tanta,2,1,FT,https://www.sofascore.com/tanta-zamalek-sc/tXqsACLb#7690188,7690188
05/02/18,El-Makkasa,Al-Masry,1,4,FT,https://www.sofascore.com/al-masry-misr-el-makkasa/jwrskwr#7690186,7690186
09/02/18,El Dakhlya,Ismaily,0,0,FT,https://www.sofascore.com/el-dakhlya-ismaily/qXqsrqy#7703523,7703523
09/02/18,Wadi Degla,Petrojet,2,1,FT,https://www.sofascore.com/wadi-degla-petrojet/rwrstwr#7703526,7703526
09/02/18,El-Entag,Al-Ittihad,3,2,FT,https://www.sofascore.com/el-entag-el-harby-al-ittihad-alexandria/Mdosmwr#7703519,7703519
10/02/18,Pyramids,Al Nasr,5,1,FT,https://www.sofascore.com/pyramids-fc-al-nasr-cairo/Urkbscavb#7703524,7703524
10/02/18,Smouha,Zamalek,0,1,FT,https://www.sofascore.com/smouha-zamalek-sc/tXqsnwr#7703525,7703525
10/02/18,ENPPI,El-Makkasa,None,None,Canceled,https://www.sofascore.com/enppi-misr-el-makkasa/jwrsowr#7711950,7711950
12/02/18,Tanta,El-Gaish,0,1,FT,https://www.sofascore.com/tanta-talaea-el-gaish/lwrsACLb#7703522,7703522
12/02/18,Al Ahly,Al-Mokawloon,5,2,FT,https://www.sofascore.com/al-mokawloon-al-ahly-fc/kNcspXq#7703527,7703527
15/02/18,Al-Masry,El Raja,0,0,FT,https://www.sofascore.com/el-raja-al-masry/kwrsLIdb#7703528,7703528
30/03/18,El-Makkasa,ENPPI,0,0,FT,https://www.sofascore.com/enppi-misr-el-makkasa/jwrsowr#7757187,7757187
09/02/18,El Raja,ENPPI,3,0,FT,https://www.sofascore.com/el-raja-enppi/owrsLIdb#7703531,7703531
13/02/18,Ismaily,Al-Masry,None,None,Canceled,https://www.sofascore.com/al-masry-ismaily/qXqskwr#7703521,7703521
14/02/18,Zamalek,Wadi Degla,1,0,FT,https://www.sofascore.com/wadi-degla-zamalek-sc/tXqstwr#7703536,7703536
14/02/18,Al-Ittihad,El Dakhlya,2,1,FT,https://www.sofascore.com/el-dakhlya-al-ittihad-alexandria/Mdosrqy#7703529,7703529
15/02/18,Al Nasr,Petrojet,0,1,FT,https://www.sofascore.com/al-nasr-cairo-petrojet/rwrsUrkb#7703532,7703532
16/02/18,El-Makkasa,Tanta,0,0,FT,https://www.sofascore.com/tanta-misr-el-makkasa/jwrsACLb#7703530,7703530
16/02/18,Pyramids,Al Ahly,0,1,FT,https://www.sofascore.com/pyramids-fc-al-ahly-fc/kNcscavb#7703537,7703537
16/02/18,Al-Mokawloon,El-Entag,1,1,FT,https://www.sofascore.com/el-entag-el-harby-al-mokawloon/pXqsmwr#7703534,7703534
16/02/18,El-Gaish,Smouha,0,1,FT,https://www.sofascore.com/smouha-talaea-el-gaish/lwrsnwr#7703538,7703538
13/04/18,Ismaily,Al-Masry,None,None,Canceled,https://www.sofascore.com/al-masry-ismaily/qXqskwr#7771038,7771038
11/05/18,Ismaily,Al-Masry,1,1,FT,https://www.sofascore.com/al-masry-ismaily/qXqskwr#7787589,7787589
18/02/18,ENPPI,Ismaily,2,0,FT,https://www.sofascore.com/enppi-ismaily/qXqsowr#7717939,7717939
19/02/18,Petrojet,Zamalek,1,3,FT,https://www.sofascore.com/petrojet-zamalek-sc/tXqsrwr#7717942,7717942
19/02/18,Al Ahly,Al Nasr,5,0,FT,https://www.sofascore.com/al-nasr-cairo-al-ahly-fc/kNcsUrkb#7717941,7717941
20/02/18,Tanta,El Raja,0,0,FT,https://www.sofascore.com/tanta-el-raja/LIdbsACLb#7717940,7717940
20/02/18,El Dakhlya,Al-Mokawloon,1,2,FT,https://www.sofascore.com/el-dakhlya-al-mokawloon/pXqsrqy#7717938,7717938
20/02/18,El-Entag,Pyramids,1,0,FT,https://www.sofascore.com/pyramids-fc-el-entag-el-harby/mwrscavb#7717943,7717943
20/02/18,Wadi Degla,El-Gaish,1,0,FT,https://www.sofascore.com/wadi-degla-talaea-el-gaish/lwrstwr#7717937,7717937
31/03/18,Al-Masry,Al-Ittihad,0,2,FT,https://www.sofascore.com/al-masry-al-ittihad-alexandria/Mdoskwr#7756616,7756616
03/04/18,Smouha,El-Makkasa,1,0,FT,https://www.sofascore.com/smouha-misr-el-makkasa/jwrsnwr#7756617,7756617
22/02/18,Al-Ittihad,ENPPI,1,1,FT,https://www.sofascore.com/enppi-al-ittihad-alexandria/Mdosowr#7720828,7720828
22/02/18,Al Nasr,Zamalek,1,2,FT,https://www.sofascore.com/al-nasr-cairo-zamalek-sc/tXqsUrkb#7720827,7720827
23/02/18,El-Gaish,Petrojet,1,2,FT,https://www.sofascore.com/petrojet-talaea-el-gaish/lwrsrwr#7720830,7720830
24/02/18,El Raja,Smouha,0,0,FT,https://www.sofascore.com/el-raja-smouha/nwrsLIdb#7720826,7720826
24/02/18,Pyramids,El Dakhlya,4,2,FT,https://www.sofascore.com/pyramids-fc-el-dakhlya/rqyscavb#7720832,7720832
24/02/18,Ismaily,Tanta,2,2,FT,https://www.sofascore.com/tanta-ismaily/qXqsACLb#7720825,7720825
24/02/18,Al Ahly,El-Entag,2,1,FT,https://www.sofascore.com/el-entag-el-harby-al-ahly-fc/kNcsmwr#7720824,7720824
25/02/18,Al-Mokawloon,Al-Masry,1,2,FT,https://www.sofascore.com/al-masry-al-mokawloon/pXqskwr#7720829,7720829
25/02/18,El-Makkasa,Wadi Degla,2,0,FT,https://www.sofascore.com/wadi-degla-misr-el-makkasa/jwrstwr#7720831,7720831
27/02/18,Zamalek,El-Gaish,3,0,FT,https://www.sofascore.com/talaea-el-gaish-zamalek-sc/tXqslwr#7727881,7727881
28/02/18,Tanta,Al-Ittihad,0,1,FT,https://www.sofascore.com/tanta-al-ittihad-alexandria/MdosACLb#7727878,7727878
28/02/18,El Dakhlya,Al Ahly,0,3,FT,https://www.sofascore.com/el-dakhlya-al-ahly-fc/kNcsrqy#7727880,7727880
01/03/18,Wadi Degla,El Raja,2,3,FT,https://www.sofascore.com/el-raja-wadi-degla/twrsLIdb#7727882,7727882
01/03/18,El-Entag,Al Nasr,1,1,FT,https://www.sofascore.com/al-nasr-cairo-el-entag-el-harby/mwrsUrkb#7727879,7727879
01/03/18,Smouha,Ismaily,1,2,FT,https://www.sofascore.com/smouha-ismaily/qXqsnwr#7727883,7727883
01/03/18,ENPPI,Al-Mokawloon,3,2,FT,https://www.sofascore.com/enppi-al-mokawloon/pXqsowr#7727884,7727884
02/03/18,Petrojet,El-Makkasa,0,0,FT,https://www.sofascore.com/petrojet-misr-el-makkasa/jwrsrwr#7727885,7727885
02/03/18,Al-Masry,Pyramids,3,1,FT,https://www.sofascore.com/pyramids-fc-al-masry/kwrscavb#7727886,7727886
05/03/18,Al-Mokawloon,Tanta,1,1,FT,https://www.sofascore.com/tanta-al-mokawloon/pXqsACLb#7735535,7735535
05/03/18,Al-Ittihad,Smouha,2,0,FT,https://www.sofascore.com/smouha-al-ittihad-alexandria/Mdosnwr#7735534,7735534
05/03/18,El-Entag,El Dakhlya,1,1,FT,https://www.sofascore.com/el-dakhlya-el-entag-el-harby/mwrsrqy#7735538,7735538
06/03/18,Pyramids,ENPPI,1,1,FT,https://www.sofascore.com/pyramids-fc-enppi/owrscavb#7735540,7735540
06/03/18,Ismaily,Wadi Degla,2,1,FT,https://www.sofascore.com/wadi-degla-ismaily/qXqstwr#7735536,7735536
07/03/18,El Raja,Petrojet,1,1,FT,https://www.sofascore.com/el-raja-petrojet/rwrsLIdb#7735539,7735539
07/03/18,Al Nasr,El-Gaish,1,0,FT,https://www.sofascore.com/al-nasr-cairo-talaea-el-gaish/lwrsUrkb#7735537,7735537
08/04/18,El-Makkasa,Zamalek,1,0,FT,https://www.sofascore.com/misr-el-makkasa-zamalek-sc/tXqsjwr#7768766,7768766
20/05/18,Al Ahly,Al-Masry,2,0,FT,https://www.sofascore.com/al-masry-al-ahly-fc/kNcskwr#7771046,7771046
11/03/18,ENPPI,Al Ahly,0,1,FT,https://www.sofascore.com/enppi-al-ahly-fc/kNcsowr#7741684,7741684
12/03/18,Al-Masry,El-Entag,0,0,FT,https://www.sofascore.com/el-entag-el-harby-al-masry/kwrsmwr#7741686,7741686
13/03/18,El-Gaish,El-Makkasa,1,0,FT,https://www.sofascore.com/talaea-el-gaish-misr-el-makkasa/jwrslwr#7741688,7741688
14/03/18,Tanta,Pyramids,1,1,FT,https://www.sofascore.com/tanta-pyramids-fc/cavbsACLb#7741681,7741681
14/03/18,Wadi Degla,Al-Ittihad,1,0,FT,https://www.sofascore.com/wadi-degla-al-ittihad-alexandria/Mdostwr#7741687,7741687
14/03/18,Zamalek,El Raja,4,1,FT,https://www.sofascore.com/el-raja-zamalek-sc/tXqsLIdb#7741689,7741689
15/03/18,Petrojet,Ismaily,0,1,FT,https://www.sofascore.com/petrojet-ismaily/qXqsrwr#7741682,7741682
15/03/18,Smouha,Al-Mokawloon,3,0,FT,https://www.sofascore.com/smouha-al-mokawloon/pXqsnwr#7741685,7741685
15/03/18,El Dakhlya,Al Nasr,1,1,FT,https://www.sofascore.com/al-nasr-cairo-el-dakhlya/rqysUrkb#7741683,7741683
19/03/18,El Raja,El-Gaish,1,0,FT,https://www.sofascore.com/el-raja-talaea-el-gaish/lwrsLIdb#7741692,7741692
19/03/18,Pyramids,Smouha,0,0,FT,https://www.sofascore.com/pyramids-fc-smouha/nwrscavb#7741698,7741698
19/03/18,Al-Mokawloon,Wadi Degla,0,0,FT,https://www.sofascore.com/wadi-degla-al-mokawloon/pXqstwr#7741696,7741696
19/03/18,Al Nasr,El-Makkasa,0,1,FT,https://www.sofascore.com/al-nasr-cairo-misr-el-makkasa/jwrsUrkb#7741695,7741695
19/03/18,Al-Ittihad,Petrojet,2,2,FT,https://www.sofascore.com/petrojet-al-ittihad-alexandria/Mdosrwr#7741691,7741691
19/03/18,El-Entag,ENPPI,1,1,FT,https://www.sofascore.com/enppi-el-entag-el-harby/mwrsowr#7741693,7741693
24/03/18,El Dakhlya,Al-Masry,None,None,Canceled,https://www.sofascore.com/el-dakhlya-al-masry/kwrsrqy#7741690,7741690
02/04/18,Ismaily,Zamalek,3,1,FT,https://www.sofascore.com/zamalek-sc-ismaily/qXqstXq#7741697,7741697
02/04/18,Al Ahly,Tanta,2,1,FT,https://www.sofascore.com/tanta-al-ahly-fc/kNcsACLb#7741694,7741694
29/04/18,El Dakhlya,Al-Masry,0,3,FT,https://www.sofascore.com/el-dakhlya-al-masry/kwrsrqy#7771045,7771045
05/04/18,Petrojet,Al-Mokawloon,1,1,FT,https://www.sofascore.com/petrojet-al-mokawloon/pXqsrwr#7763795,7763795
05/04/18,Wadi Degla,Pyramids,0,2,FT,https://www.sofascore.com/pyramids-fc-wadi-degla/twrscavb#7763791,7763791
06/04/18,ENPPI,El Dakhlya,3,3,FT,https://www.sofascore.com/el-dakhlya-enppi/owrsrqy#7763788,7763788
07/04/18,Tanta,El-Entag,0,2,FT,https://www.sofascore.com/tanta-el-entag-el-harby/mwrsACLb#7763794,7763794
07/04/18,El-Gaish,Ismaily,1,1,FT,https://www.sofascore.com/talaea-el-gaish-ismaily/qXqslwr#7763792,7763792
08/04/18,Smouha,Al Ahly,0,0,FT,https://www.sofascore.com/smouha-al-ahly-fc/kNcsnwr#7763793,7763793
12/04/18,Al-Masry,Al Nasr,2,1,FT,https://www.sofascore.com/al-nasr-cairo-al-masry/kwrsUrkb#7763790,7763790
12/04/18,Zamalek,Al-Ittihad,1,2,FT,https://www.sofascore.com/zamalek-sc-al-ittihad-alexandria/MdostXq#7763787,7763787
13/04/18,El-Makkasa,El Raja,3,0,FT,https://www.sofascore.com/el-raja-misr-el-makkasa/jwrsLIdb#7763789,7763789
16/04/18,Pyramids,Petrojet,3,2,FT,https://www.sofascore.com/pyramids-fc-petrojet/rwrscavb#7771275,7771275
16/04/18,Al-Ittihad,El-Gaish,0,0,FT,https://www.sofascore.com/talaea-el-gaish-al-ittihad-alexandria/Mdoslwr#7771278,7771278
16/04/18,Al Nasr,El Raja,3,1,FT,https://www.sofascore.com/al-nasr-cairo-el-raja/LIdbsUrkb#7771277,7771277
17/04/18,El Dakhlya,Tanta,2,0,FT,https://www.sofascore.com/tanta-el-dakhlya/rqysACLb#7771274,7771274
17/04/18,Al Ahly,Wadi Degla,1,0,FT,https://www.sofascore.com/wadi-degla-al-ahly-fc/kNcstwr#7771276,7771276
17/04/18,El-Entag,Smouha,0,0,FT,https://www.sofascore.com/smouha-el-entag-el-harby/mwrsnwr#7771273,7771273
18/04/18,Ismaily,El-Makkasa,2,1,FT,https://www.sofascore.com/misr-el-makkasa-ismaily/qXqsjwr#7771279,7771279
18/04/18,Al-Mokawloon,Zamalek,0,0,FT,https://www.sofascore.com/zamalek-sc-al-mokawloon/pXqstXq#7771280,7771280
02/05/18,Al-Masry,ENPPI,1,1,FT,https://www.sofascore.com/enppi-al-masry/kwrsowr#7787588,7787588
16/05/18,Al-Masry,ENPPI,None,None,Canceled,https://www.sofascore.com/enppi-al-masry/kwrsowr#7771281,7771281
21/04/18,Smouha,El Dakhlya,1,0,FT,https://www.sofascore.com/el-dakhlya-smouha/nwrsrqy#7779198,7779198
21/04/18,Tanta,Al-Masry,1,2,FT,https://www.sofascore.com/tanta-al-masry/kwrsACLb#7779197,7779197
21/04/18,Wadi Degla,El-Entag,2,1,FT,https://www.sofascore.com/wadi-degla-el-entag-el-harby/mwrstwr#7779201,7779201
21/04/18,Al Nasr,ENPPI,1,2,FT,https://www.sofascore.com/al-nasr-cairo-enppi/owrsUrkb#7779202,7779202
22/04/18,El Raja,Ismaily,0,0,FT,https://www.sofascore.com/el-raja-ismaily/qXqsLIdb#7779200,7779200
22/04/18,Petrojet,Al Ahly,1,2,FT,https://www.sofascore.com/petrojet-al-ahly-fc/kNcsrwr#7779199,7779199
22/04/18,Zamalek,Pyramids,2,1,FT,https://www.sofascore.com/pyramids-fc-zamalek-sc/tXqscavb#7779196,7779196
23/04/18,El-Gaish,Al-Mokawloon,4,5,FT,https://www.sofascore.com/talaea-el-gaish-al-mokawloon/pXqslwr#7779206,7779206
23/04/18,El-Makkasa,Al-Ittihad,2,0,FT,https://www.sofascore.com/misr-el-makkasa-al-ittihad-alexandria/Mdosjwr#7779207,7779207
25/04/18,El Dakhlya,Wadi Degla,1,1,FT,https://www.sofascore.com/el-dakhlya-wadi-degla/twrsrqy#7779204,7779204
25/04/18,ENPPI,Tanta,3,1,FT,https://www.sofascore.com/tanta-enppi/owrsACLb#7779203,7779203
25/04/18,Al-Masry,Smouha,2,1,FT,https://www.sofascore.com/smouha-al-masry/kwrsnwr#7779212,7779212
26/04/18,Pyramids,El-Gaish,1,1,FT,https://www.sofascore.com/pyramids-fc-talaea-el-gaish/lwrscavb#7779205,7779205
26/04/18,Al Ahly,Zamalek,1,2,FT,https://www.sofascore.com/zamalek-sc-al-ahly-fc/kNcstXq#7779211,7779211
27/04/18,El Raja,Al-Ittihad,2,2,FT,https://www.sofascore.com/el-raja-al-ittihad-alexandria/MdosLIdb#7779213,7779213
27/04/18,Ismaily,Al Nasr,2,0,FT,https://www.sofascore.com/al-nasr-cairo-ismaily/qXqsUrkb#7779210,7779210
27/04/18,Al-Mokawloon,El-Makkasa,0,1,FT,https://www.sofascore.com/misr-el-makkasa-al-mokawloon/pXqsjwr#7779208,7779208
27/04/18,El-Entag,Petrojet,2,1,FT,https://www.sofascore.com/petrojet-el-entag-el-harby/mwrsrwr#7779209,7779209
