#,Team,Name,Average Sofascore rating,Big chances created,Assists,Accurate passes,Inaccurate passes,Total passes,Accurate passes %,Accurate own half passes,Accurate opposition half passes,Accurate final third passes,Key passes,Accurate crosses,Accurate crosses %,Acc. long balls,Accurate long balls %,Passes to assist
1,Al Ahly FC,Akram Tawfik,7.66,1,0,316,56,372,84.95,134,185,96,2,3,18.75,18,60.0,0
2,Al Ahly FC,Ali Maâloul,7.55,5,6,1277,273,1550,82.39,517,806,361,64,46,25.27,60,42.55,0
3,Haras El Hedoud,Karim Emad,7.50,0,0,21,42,63,33.33,10,11,5,0,0,0.0,15,26.32,0
4,Zamalek SC,Zizo,7.37,9,13,1160,218,1378,84.18,245,987,515,101,72,28.92,49,55.68,0
5,Pyramids FC,Mohamed Chibi,7.33,4,2,921,171,1092,84.34,474,484,222,39,37,24.18,101,62.73,1
6,Al-Masry,Hossam Hassan,7.30,0,0,9,4,13,69.23,2,8,2,2,1,25.0,1,50.0,0
7,Pyramids FC,Osama Galal,7.29,0,0,726,115,841,86.33,473,253,57,4,0,0.0,60,53.57,0
8,Zamalek SC,Emam Ashour,7.28,5,4,544,135,679,80.12,192,355,180,21,3,18.75,58,55.24,0
9,Al Ahly FC,Mohamed Magdy Afsha,7.26,11,6,1064,181,1245,85.46,332,736,394,57,4,19.05,65,70.65,0
10,Al-Masry,Elyes Jelassi,7.25,12,7,1136,339,1475,77.02,327,843,497,77,34,20.86,142,57.03,1
11,El Dakhlya,Samir Fekri,7.25,8,4,781,265,1046,74.67,326,505,256,55,50,25.51,46,46.94,0
12,Smouha,Hossam Hassan,7.23,4,5,247,107,354,69.77,67,182,99,13,2,20.0,7,58.33,0
13,Al Ahly FC,Amr El-Solia,7.21,4,3,685,168,853,80.3,254,434,201,22,3,50.0,69,54.33,0
14,ENPPI,Abdelrahman Samir,7.20,0,0,32,24,56,57.14,26,6,2,0,0,0.0,11,31.43,0
15,Smouha,Ahmed Abdel Aziz,7.20,0,0,23,14,37,62.16,12,13,7,0,2,16.67,0,0.0,0
16,Modern Future FC,Mohanad Lasheen,7.19,0,0,1328,246,1574,84.37,614,720,316,11,6,13.64,136,63.85,0
17,Al Ahly FC,Aliou Dieng,7.19,4,2,1475,197,1672,88.22,668,808,317,22,1,16.67,94,69.12,0
18,Al Ahly FC,Mohamed Hany,7.18,2,2,779,144,923,84.4,352,441,180,17,14,21.21,48,52.17,0
19,Al-Masry,Essam Tharwat,7.18,0,0,164,141,305,53.77,95,69,16,0,0,0.0,92,40.17,0
20,Ghazl El Mahalla,Ahmed El Sheikh,7.16,4,1,525,200,725,72.41,152,402,219,47,29,17.37,46,56.1,1
21,Pyramids FC,Ali Gabr,7.15,0,0,1472,217,1689,87.15,1046,426,84,3,0,0.0,111,52.36,0
22,Al Ahly FC,Mahmoud Metwaly,7.13,0,1,749,170,919,81.5,511,238,63,3,0,0.0,74,43.79,0
23,Al Ahly FC,Marwan Attia,7.13,1,1,1382,211,1593,86.75,645,749,305,22,12,36.36,152,70.37,0
24,Al Ahly FC,Mohamed El-Shenawy,7.13,0,0,421,213,634,66.4,346,75,19,1,0,0.0,156,43.45,0
25,Al Ahly FC,Ali Lotfi,7.13,0,0,59,10,69,85.51,55,4,0,0,0,0.0,17,65.38,0
26,Zamalek SC,Mohamed Awad,7.12,0,0,164,149,313,52.4,135,29,12,0,0,0.0,54,27.0,0
27,Modern Future FC,Basem Ali,7.12,0,1,953,273,1226,77.73,500,465,202,13,12,21.43,72,47.68,0
28,Al Ahly FC,Hussein El Shahat,7.11,7,5,462,151,613,75.37,118,359,201,33,15,27.27,21,52.5,2
29,Zamalek SC,Mahmoud Hamdi,7.10,0,0,274,69,343,79.88,216,58,16,0,0,0.0,29,44.62,0
30,Pharco FC,Mahmoud El Sayed,7.10,0,0,16,5,21,76.19,15,1,0,0,0,0.0,3,37.5,0
31,Modern Future FC,Mahmoud Marei,7.09,1,1,1318,217,1535,85.86,822,496,170,4,0,0.0,145,56.86,0
32,Al Ahly FC,Mohamed Abdelmonem,7.09,0,0,1029,132,1161,88.63,688,343,70,3,2,100.0,67,61.47,0
33,Zamalek SC,Ahmed Fatouh,7.09,0,3,863,192,1055,81.8,373,498,244,21,8,21.62,60,47.24,1
34,Modern Future FC,Joseph Jonathan Ngwem,7.08,6,5,1127,272,1399,80.56,586,576,231,30,35,18.52,78,50.32,0
35,Pyramids FC,Mahmoud Saber,7.08,2,2,253,47,300,84.33,102,152,74,8,1,12.5,28,82.35,0
36,Zamalek SC,Hossam Abdelmaguid,7.08,0,0,1181,239,1420,83.17,819,362,91,3,0,0.0,99,50.25,0
37,Al Ahly FC,Karim Fouad,7.08,2,3,203,67,270,75.19,58,153,91,13,8,30.77,6,37.5,0
38,Pyramids FC,Walid El Karti,7.07,7,9,1035,218,1253,82.6,426,614,282,38,5,41.67,92,58.97,0
39,El Dakhlya,Mohamed Magdi Abdel Fattah,7.07,0,0,29,36,65,44.62,8,21,2,0,0,0.0,24,40.68,0
40,Al Ahly FC,Hamdi Fathi,7.06,2,3,587,108,695,84.46,242,345,134,12,0,0.0,42,65.63,0
41,Al-Ittihad Alexandria,Mabululu,7.06,1,2,349,109,458,76.2,104,245,122,21,0,0.0,20,68.97,0
42,Pyramids FC,Abdallah El-Said,7.06,6,3,621,185,806,77.05,179,467,258,35,25,31.25,62,65.26,0
43,Al-Mokawloon,Mahmoud Abou El-Saoud,7.06,0,0,246,281,527,46.68,137,109,24,0,0,0.0,148,35.07,0
44,Modern Future FC,Mahmoud Genesh,7.05,0,0,405,194,599,67.61,365,40,16,0,0,0.0,95,33.33,0
45,ENPPI,Mohamed Ismail,7.05,0,0,50,18,68,73.53,32,18,9,0,0,0.0,5,50.0,0
46,Haras El Hedoud,Ibrahim El Kadi,7.05,0,0,580,219,799,72.59,400,181,59,8,1,50.0,66,36.87,0
47,Ceramica Cleopatra,Ragab Nabil,7.05,0,0,1177,293,1470,80.07,701,476,131,2,0,0.0,125,47.71,0
48,Ceramica Cleopatra,Mohamed Shokry,7.04,6,6,865,312,1177,73.49,373,532,249,47,40,21.86,58,44.96,0
49,Al-Ittihad Alexandria,Mahmoud Alaa,7.04,0,0,841,196,1037,81.1,603,238,82,3,0,0.0,113,45.02,0
50,Al-Mokawloon,Omar Fayed,7.03,0,0,548,282,830,66.02,291,259,102,5,2,20.0,79,34.8,0
51,Ismaily,Mohamed Fawzi,7.02,0,0,127,105,232,54.74,79,48,13,0,0,0.0,71,40.8,0
52,Modern Future FC,Nasser Maher,7.01,3,3,650,129,779,83.44,191,475,242,32,16,28.07,35,60.34,0
53,ENPPI,Ahmed Kalosha,7.01,4,3,902,347,1249,72.22,543,363,132,14,4,50.0,160,44.69,0
54,Haras El Hedoud,Mohamed Reda,7.00,2,1,319,178,497,64.19,160,192,65,23,33,27.97,40,37.74,0
55,Pyramids FC,Ahmed El-Shenawy,7.00,0,0,531,196,727,73.04,476,55,13,0,0,0.0,135,41.54,0
56,Pyramids FC,Mahmoud Ooka,7.00,1,1,2,0,2,100.0,0,2,1,1,0,0.0,0,0.0,0
57,Al-Masry,Adnan Osman,7.00,0,0,4,7,11,36.36,3,1,1,0,0,0.0,0,0.0,0
58,Haras El Hedoud,Ramzi Khaled,7.00,0,0,17,10,27,62.96,9,9,3,1,1,25.0,1,50.0,0
59,Al Ahly FC,Mostafa Shobeir,7.00,0,0,35,13,48,72.92,32,3,0,0,0,0.0,8,38.1,0
60,Al-Mokawloon,Ahmed Eid,7.00,0,0,43,17,60,71.67,28,15,7,0,0,0.0,9,52.94,0
61,Tala'ea El-Gaish,Karim Halawa,7.00,0,0,17,9,26,65.38,5,14,7,1,2,50.0,4,66.67,0
62,Al-Mokawloon,Omar Fathi,7.00,7,2,371,141,512,72.46,128,264,141,33,21,31.82,28,45.9,0
63,Pyramids FC,Ramadan Sobhi,6.99,7,7,570,126,696,81.9,131,441,246,37,2,22.22,17,68.0,0
64,Ceramica Cleopatra,Mohamed Bassam,6.99,0,0,379,241,620,61.13,273,106,41,0,0,0.0,162,40.81,0
65,Ismaily,Serge Aka,6.99,0,0,539,102,641,84.09,281,259,112,6,1,33.33,56,62.92,0
66,Al-Masry,Mohamed Dabash,6.99,0,0,520,96,616,84.42,374,146,33,0,0,0.0,68,58.12,0
67,Al-Masry,Hussein Sayed,6.99,3,1,448,146,594,75.42,210,252,117,18,14,20.29,35,39.77,0
68,ENPPI,Reda Sayed,6.99,1,1,420,441,861,48.78,211,209,70,2,0,0.0,263,37.68,0
69,Modern Future FC,Mahmoud Hamdy,6.99,0,0,95,30,125,76.0,92,3,0,0,0,0.0,27,50.94,0
70,ENPPI,Ahmed Amin Oufa,6.98,4,2,307,291,598,51.34,94,213,117,14,0,0.0,18,36.73,0
71,Al-Ittihad Alexandria,Mahdi Soliman,6.98,0,0,564,201,765,73.73,493,71,16,0,0,0.0,182,47.89,0
72,Tala'ea El-Gaish,Abdel Rahman Shika,6.98,1,1,556,118,674,82.49,273,284,108,10,1,7.69,78,69.64,0
73,Ghazl El Mahalla,Moaz El Henawy,6.98,0,0,1307,313,1620,80.68,885,422,152,2,0,0.0,154,49.2,0
74,Pyramids FC,Islam Issa,6.98,1,1,576,127,703,81.93,220,360,173,13,4,17.39,38,62.3,1
75,Zamalek SC,Mohamed Abdelghani,6.97,2,1,802,120,922,86.98,571,231,63,3,0,0.0,49,59.76,0
76,Al Ahly FC,Yasser Ibrahim,6.97,0,0,895,124,1019,87.83,680,215,33,5,0,0.0,40,43.01,0
77,Ceramica Cleopatra,Mohamed Adel,6.97,4,0,950,167,1117,85.05,420,540,197,19,10,18.87,60,54.05,0
78,Pyramids FC,Ibrahim Blati Toure,6.97,2,0,1503,227,1730,86.88,695,809,299,17,1,33.33,129,72.88,0
79,Smouha,Mohamed El Sabahi,6.97,0,0,91,26,117,77.78,20,71,40,5,0,0.0,5,83.33,0
80,Ismaily,Omar El Wahsh,6.96,1,0,485,141,626,77.48,201,289,154,11,5,19.23,47,52.81,0
81,Zamalek SC,Ahmed Belhadji,6.96,6,6,549,186,735,74.69,174,406,206,42,31,33.7,30,46.15,0
82,Al Ahly FC,Rami Rabia,6.96,0,0,442,66,508,87.01,313,129,31,1,0,0.0,37,54.41,0
83,El Dakhlya,Kamal Aboul-Fetouh,6.96,0,0,241,101,342,70.47,134,107,39,2,0,0.0,36,36.73,0
84,Modern Future FC,Ali El Fil,6.96,0,0,893,130,1023,87.29,639,255,62,1,1,100.0,86,60.99,0
85,Ceramica Cleopatra,Mohamed Toni,6.96,0,0,576,98,674,85.46,249,332,139,5,5,27.78,46,54.76,0
86,Al-Mokawloon,Farouck Kabore,6.95,0,0,665,333,998,66.63,423,242,80,5,0,0.0,119,39.53,0
87,Aswan SC,Mohamed Hamdy Zaki,6.95,2,1,361,174,535,67.48,133,233,135,22,5,22.73,12,35.29,0
88,Ghazl El Mahalla,Mostafa El Aash,6.95,1,0,1278,349,1627,78.55,813,468,161,7,3,14.29,142,47.18,0
89,Pyramids FC,Mostafa Fathy,6.95,6,4,608,200,808,75.25,170,455,265,31,17,22.37,40,51.95,0
90,El Dakhlya,Ahmed El Amour,6.95,0,0,121,26,147,82.31,83,38,9,0,0,0.0,15,60.0,0
91,National Bank of Egypt,Mohamed Abou Gabal,6.95,0,0,394,247,641,61.47,309,85,22,0,0,0.0,156,39.39,0
92,Pharco FC,Abdallah Bakri,6.95,0,0,758,231,989,76.64,511,247,61,3,0,0.0,90,39.82,0
93,Zamalek SC,Nabil Donga,6.95,0,0,988,162,1150,85.91,435,555,231,12,2,28.57,101,71.63,0
94,Zamalek SC,Mostafa Shalaby,6.95,1,3,525,151,676,77.66,132,409,216,28,16,20.25,14,45.16,1
95,Ghazl El Mahalla,Himid Mao Mkami,6.94,1,0,1021,226,1247,81.88,552,469,164,18,0,0.0,116,61.05,0
96,Al-Masry,Islam Abou-Salima,6.94,0,0,740,188,928,79.74,474,266,71,2,0,0.0,99,54.4,0
97,Zamalek SC,Mahmoud Shabana,6.94,0,0,246,174,420,58.57,165,82,25,2,1,33.33,27,21.95,0
98,Tala'ea El-Gaish,Mahmoud Wadi,6.94,1,2,153,100,253,60.47,59,94,55,13,0,0.0,4,40.0,0
99,Zamalek SC,Mohamed Sobhi,6.93,0,0,358,149,507,70.61,301,57,28,2,0,0.0,128,47.58,0
100,Modern Future FC,Marwan Mohsen,6.93,3,2,212,98,310,68.39,65,148,95,19,1,20.0,10,50.0,1
101,Zamalek SC,Hamza Mathlouthi,6.93,1,0,939,226,1165,80.6,540,408,158,16,9,20.93,83,47.16,0
102,Smouha,Sherif Reda,6.93,4,2,501,227,728,68.82,212,329,150,29,40,25.64,47,39.5,0
103,Ismaily,Mohamed Hassan,6.93,5,3,535,170,705,75.89,222,317,147,16,4,28.57,66,57.39,0
104,National Bank of Egypt,Mohamed Helal,6.92,3,2,546,214,760,71.84,224,360,188,33,38,33.33,32,42.11,0
105,Al-Ittihad Alexandria,Sabri Raheel,6.92,8,2,845,246,1091,77.45,391,494,205,25,40,24.39,54,38.57,0
106,Pyramids FC,Mohamed Hamdi,6.92,2,0,1184,267,1451,81.6,588,614,250,24,18,20.22,54,45.38,0
107,Haras El Hedoud,Mohamed Fawzi,6.92,0,0,308,375,683,45.1,156,152,49,2,0,0.0,197,34.99,0
108,Haras El Hedoud,Mahmoud Ben Wali,6.92,1,1,539,206,745,72.35,386,153,42,2,0,0.0,60,38.46,0
109,Al-Ittihad Alexandria,Hisham Salah,6.91,1,1,801,305,1106,72.42,446,383,168,23,28,24.14,65,34.03,0
110,Pyramids FC,Ahmed Samy,6.91,0,0,1278,171,1449,88.2,858,420,107,2,0,0.0,98,59.04,0
111,Al Ahly FC,Khaled Abdelfattah,6.91,1,1,520,187,707,73.55,271,260,118,12,11,21.15,30,31.58,0
112,Al-Mokawloon,Ahmed Atef,6.91,3,2,375,157,532,70.49,118,268,142,28,11,23.4,27,37.5,0
113,Ismaily,Ahmed Adel,6.91,0,0,84,53,137,61.31,61,23,11,0,0,0.0,34,39.53,0
114,Ceramica Cleopatra,Ahmed Yasser Rayan,6.91,4,1,300,153,453,66.23,73,228,153,21,1,14.29,13,38.24,0
115,Pyramids FC,Karim Hafez,6.91,3,1,383,65,448,85.49,192,203,85,11,12,41.38,28,50.0,0
116,Tala'ea El-Gaish,Ahmed Samir,6.91,3,6,538,153,691,77.86,174,378,181,38,14,18.67,23,42.59,0
117,Pharco FC,Rami Sabri,6.91,0,0,459,149,608,75.49,348,111,44,1,0,0.0,61,42.96,0
118,Haras El Hedoud,Ahmed Shedid Kenawi,6.90,1,1,811,282,1093,74.2,306,542,287,38,37,23.13,53,34.64,0
119,Al-Mokawloon,Ahmed Alaa Eldin,6.90,1,2,752,408,1160,64.83,405,348,137,10,1,16.67,134,36.31,0
120,Pharco FC,Rezki Hamroune,6.90,3,2,340,101,441,77.1,124,239,115,27,23,24.73,5,41.67,0
121,Ceramica Cleopatra,Seif Teka,6.90,0,0,546,126,672,81.25,369,178,50,1,1,100.0,48,43.64,0
122,Al-Ittihad Alexandria,Omar Fathy,6.90,1,1,2,1,3,66.67,0,2,2,1,0,0.0,0,0.0,0
123,Pyramids FC,Ahmed Fathi,6.90,2,1,401,90,491,81.67,237,168,53,6,4,25.0,36,46.75,0
124,Ismaily,Abdallah El Saeed,6.90,0,0,6,2,8,75.0,5,1,1,0,0,0.0,0,0.0,0
125,El Dakhlya,Salah Yehia,6.90,0,0,1,1,2,50.0,0,1,0,0,0,0.0,0,0.0,0
126,Ismaily,Mostafa Fares,6.90,0,0,29,8,37,78.38,12,18,9,1,1,50.0,2,50.0,0
127,National Bank of Egypt,Ahmed Sobhi,6.90,0,0,84,33,117,71.79,77,7,3,0,0,0.0,20,37.74,0
128,Ceramica Cleopatra,Ahmed Hany,6.90,2,0,397,111,508,78.15,174,228,103,9,5,13.16,19,51.35,0
129,Aswan SC,Raphael Ayagwa,6.90,1,0,852,281,1133,75.2,469,385,133,11,2,20.0,83,46.63,0
130,Aswan SC,Mido Mostafa,6.90,1,2,847,348,1195,70.88,445,411,214,23,9,16.36,68,37.16,0
131,Ismaily,Baher El Mohamady,6.90,0,0,867,243,1110,78.11,570,298,82,4,1,25.0,137,52.09,0
132,Ismaily,Abdel Rahman Magdi,6.89,8,4,385,143,528,72.92,109,285,169,23,9,16.07,36,56.25,0
133,ENPPI,Ali Fawzi,6.89,5,1,520,249,769,67.62,194,373,181,33,47,23.38,55,39.86,0
134,Al-Masry,Imadeddine Boubekeur,6.89,1,1,627,194,821,76.37,451,176,45,6,0,0.0,59,43.7,0
135,Al Ahly FC,Kahraba,6.89,2,0,91,55,146,62.33,22,70,44,7,1,33.33,3,30.0,0
136,ENPPI,Ahmed El Agouz,6.89,1,1,491,136,627,78.31,250,242,105,5,1,50.0,50,57.47,0
137,Al-Ittihad Alexandria,Abdallah Nasib,6.89,0,0,284,67,351,80.91,235,49,10,0,0,0.0,18,35.29,0
138,Al-Mokawloon,Abdelrahman Khaled Gebna,6.89,3,1,375,134,509,73.67,111,280,144,26,16,24.62,34,54.84,0
139,Al-Ittihad Alexandria,Khaled El Ghandour,6.89,4,0,718,146,864,83.1,256,479,222,27,17,25.0,55,52.38,0
140,Zamalek SC,Ibrahima Ndiaye,6.89,0,0,239,71,310,77.1,84,158,81,11,3,23.08,18,81.82,0
141,National Bank of Egypt,Mahmoud El-Gazzar,6.88,0,0,825,181,1006,82.01,611,215,52,5,1,50.0,92,48.42,0
142,National Bank of Egypt,Mahmoud Kaoud,6.88,4,1,571,195,766,74.54,250,328,183,25,7,21.88,38,52.05,0
143,Zamalek SC,Mostafa El Zenary,6.88,0,0,490,97,587,83.48,330,163,33,3,3,33.33,45,56.96,0
144,Modern Future FC,Ahmed Refaat,6.88,0,0,113,37,150,75.33,40,79,40,4,6,27.27,13,72.22,0
145,Ceramica Cleopatra,Marouane Sahraoui,6.88,0,0,157,41,198,79.29,113,44,15,0,0,0.0,28,58.33,0
146,Pharco FC,Mahmoud Hamada,6.88,2,3,1013,290,1303,77.74,462,553,264,30,2,11.76,91,65.0,0
147,Al-Masry,Amr Moussa,6.88,2,0,1029,265,1294,79.52,574,456,126,8,1,20.0,125,44.17,0
148,Modern Future FC,Omar Kamal,6.88,1,1,395,120,515,76.7,198,205,99,13,8,17.78,36,55.38,0
149,Al Ahly FC,Taher Mohamed,6.88,1,0,309,78,387,79.84,80,240,120,11,11,23.91,10,40.0,0
150,ENPPI,Ahmed Sebiha,6.88,1,1,393,228,621,63.29,256,140,48,3,3,21.43,63,34.43,0
151,Al Ahly FC,Mohamed Sherif,6.88,3,0,279,96,375,74.4,70,211,130,18,2,22.22,2,22.22,0
152,Haras El Hedoud,Islam Abdallah,6.88,0,0,231,70,301,76.74,155,76,26,1,0,0.0,19,38.78,0
153,Ismaily,Mohamed Nasr,6.88,0,0,296,79,375,78.93,218,78,20,0,0,0.0,30,43.48,0
154,National Bank of Egypt,Mohamed Fathi,6.87,0,0,919,249,1168,78.68,533,387,139,3,1,14.29,111,53.37,0
155,Modern Future FC,Saad Samir,6.87,0,0,452,77,529,85.44,285,167,52,4,0,0.0,31,48.44,0
156,National Bank of Egypt,Saidou Simpore,6.87,1,1,791,212,1003,78.86,529,263,93,5,1,12.5,92,46.94,0
157,Al-Mokawloon,Luis Hinestroza,6.87,5,2,443,241,684,64.77,150,333,175,49,40,30.08,35,30.97,0
158,Pyramids FC,Fagrie Lakay,6.87,3,4,388,106,494,78.54,91,297,181,29,0,0.0,8,61.54,0
159,El Dakhlya,Funom Alfred,6.87,1,1,85,61,146,58.22,45,49,17,5,9,34.62,5,25.0,0
160,Pharco FC,Mohamed Saeed Shika,6.86,0,0,338,387,725,46.62,207,131,40,0,0,0.0,185,32.98,0
161,Ghazl El Mahalla,Gabriel Orok Ibitham,6.86,4,6,517,165,682,75.81,174,386,197,46,43,31.39,33,60.0,0
162,Al-Ittihad Alexandria,Khaled Sobhi,6.86,0,0,890,182,1072,83.02,640,251,76,5,1,25.0,86,43.65,0
163,Al-Mokawloon,Fady Farid,6.86,2,0,164,69,233,70.39,52,114,75,8,2,33.33,6,42.86,0
164,Aswan SC,Hossam Arafat,6.86,1,0,229,83,312,73.4,80,152,93,17,3,20.0,15,60.0,0
165,Tala'ea El-Gaish,Mohamed Shehata,6.86,0,0,443,162,605,73.22,172,277,145,18,6,19.35,26,38.81,0
166,Aswan SC,Ahmed Dahroug,6.86,1,0,224,118,342,65.5,96,130,61,9,2,12.5,36,38.71,1
167,Tala'ea El-Gaish,Karim Tarek,6.85,4,3,366,136,502,72.91,122,255,132,17,11,18.33,17,62.96,0
168,Modern Future FC,Mohamed Reda,6.85,3,4,718,232,950,75.58,218,504,302,25,4,15.38,69,49.64,0
169,Smouha,Yehia Yasser,6.85,1,0,11,4,15,73.33,3,8,5,3,0,0.0,1,50.0,0
170,Al-Mokawloon,Mohamed Rizk,6.85,1,0,182,68,250,72.8,84,99,50,4,1,50.0,15,40.54,0
171,Ismaily,Yaw Annor,6.85,3,1,268,127,395,67.85,74,197,108,16,3,15.0,9,33.33,0
172,Pharco FC,Shokry Naguib,6.85,2,3,373,140,513,72.71,102,277,147,25,6,24.0,13,43.33,0
173,Pharco FC,Saif Thierry,6.84,0,0,56,21,77,72.73,17,40,23,4,1,33.33,0,0.0,0
174,Smouha,Mostafa Saad,6.84,2,2,313,140,453,69.09,73,253,149,30,13,18.31,11,25.0,1
175,El Dakhlya,Allan Kyambadde,6.84,1,0,640,151,791,80.91,386,257,105,14,3,27.27,59,48.76,0
176,Ismaily,Emad Hamdi,6.84,1,2,517,174,691,74.82,289,228,66,4,0,0.0,60,45.45,0
177,Ceramica Cleopatra,Ahmed Ramadan,6.84,2,1,941,246,1187,79.28,493,452,135,8,4,26.67,90,46.88,0
178,Al-Masry,Marwan Hamdy,6.84,2,1,249,159,408,61.03,53,203,121,15,7,30.43,26,66.67,0
179,Ceramica Cleopatra,Amr Kalawa,6.84,0,1,319,79,398,80.15,99,221,99,7,1,20.0,17,50.0,0
180,Tala'ea El-Gaish,Ahmed Meteb,6.84,2,3,808,272,1080,74.81,369,466,210,29,27,22.5,78,41.49,0
181,Aswan SC,Mohamed Morsi,6.83,2,0,187,93,280,66.79,60,138,80,11,11,37.93,27,50.0,0
182,Al Ahly FC,Karim Eldbees,6.83,0,0,93,24,117,79.49,53,43,16,2,3,60.0,3,27.27,0
183,Zamalek SC,Naser Mansi,6.83,2,0,179,112,291,61.51,40,140,97,17,1,9.09,4,66.67,0
184,Al-Mokawloon,Joseph Ochaya,6.83,3,3,595,274,869,68.47,225,392,163,28,22,17.46,38,24.36,0
185,Tala'ea El-Gaish,Mohamed Camacho,6.83,0,0,932,358,1290,72.25,641,291,73,6,0,0.0,129,40.69,0
186,Tala'ea El-Gaish,Mostafa Khawaga,6.83,3,2,478,87,565,84.6,196,291,125,19,9,31.03,55,65.48,0
187,Ismaily,Saleh Gomaa,6.83,4,2,268,125,393,68.19,94,183,90,15,9,21.43,52,53.61,0
188,Al-Masry,Mahmoud Gad,6.82,0,0,258,160,418,61.72,200,58,11,0,0,0.0,98,38.43,0
189,Aswan SC,Ahmed Castelo,6.82,0,0,740,299,1039,71.22,533,208,67,6,1,14.29,101,35.56,0
190,Smouha,Mohamed Essam Emara,6.82,1,2,260,83,343,75.8,72,191,103,14,3,14.29,14,56.0,0
191,Pyramids FC,Ahmed Tawfik,6.82,1,1,1022,189,1211,84.39,544,483,156,10,5,13.89,88,56.41,0
192,El Dakhlya,Emad El-Sayed,6.82,1,0,138,260,398,34.67,61,77,22,1,0,0.0,93,26.57,0
193,Modern Future FC,Ghanam Mohamed,6.82,2,1,920,156,1076,85.5,392,529,219,11,1,33.33,66,62.86,0
194,Pharco FC,Ali Baheeg,6.82,0,2,45,16,61,73.77,12,33,23,4,0,0.0,1,50.0,0
195,Modern Future FC,Mahmoud Shaaban,6.82,2,0,186,52,238,78.15,101,93,38,8,8,36.36,9,34.62,0
196,Aswan SC,Ahmed Khaled,6.82,4,6,739,201,940,78.62,267,483,275,41,11,20.75,18,37.5,0
197,Zamalek SC,Seifeddine Jaziri,6.81,1,0,311,91,402,77.36,102,209,97,13,0,0.0,12,63.16,0
198,Ismaily,Mohamed Makhlouf,6.81,1,0,276,70,346,79.77,134,142,66,4,0,0.0,22,44.9,0
199,Pharco FC,Ahmed El Bahrawy,6.81,0,0,542,160,702,77.21,357,188,65,5,3,12.0,36,40.91,0
200,Haras El Hedoud,Khaled Sami,6.81,1,0,225,79,304,74.01,153,72,20,5,0,0.0,33,43.42,0
201,National Bank of Egypt,Issahaku Yakubu,6.81,4,4,1033,298,1331,77.61,509,551,265,33,27,24.77,93,42.86,0
202,Zamalek SC,Mohamed Ashraf Roqa,6.81,0,1,885,142,1027,86.17,392,493,187,11,0,0.0,140,74.07,0
203,Ceramica Cleopatra,Ahmed El Armouty,6.81,4,2,227,57,284,79.93,51,181,108,13,5,23.81,12,57.14,0
204,Modern Future FC,Mahmoud Rizk,6.81,0,0,337,86,423,79.67,261,76,19,1,0,0.0,25,37.31,0
205,Pyramids FC,Mahmoud Dunga,6.81,0,0,214,44,258,82.95,89,125,51,4,0,0.0,21,55.26,0
206,Ceramica Cleopatra,Mido Gaber,6.81,5,2,644,225,869,74.11,197,457,232,28,10,18.52,38,51.35,0
207,Ghazl El Mahalla,Mahmoud El Hadary,6.81,0,0,285,77,362,78.73,274,11,4,0,0,0.0,39,34.51,0
208,Al-Mokawloon,Mamadou Niass,6.81,2,3,239,91,330,72.42,71,169,92,17,1,4.76,9,42.86,0
209,Pharco FC,Ahmed Abdelaziz Mody,6.81,0,0,321,126,447,71.81,202,121,44,4,2,50.0,42,43.3,0
210,Tala'ea El-Gaish,Ahmed Abdel Rahman Zola,6.81,1,1,728,235,963,75.6,369,363,165,19,4,8.33,62,35.84,0
211,Haras El Hedoud,Mostafa Ziko,6.80,1,3,711,245,956,74.37,253,466,256,24,8,22.22,56,53.85,0
212,El Dakhlya,Abdelrahman El Banouby,6.80,3,5,290,110,400,72.5,82,212,114,21,4,33.33,10,45.45,0
213,Zamalek SC,Amr El Sisi,6.80,1,1,585,101,686,85.28,229,356,147,8,0,0.0,38,66.67,0
214,Ismaily,Marwan Hamdi,6.80,0,1,27,7,34,79.41,10,17,10,1,0,0.0,1,50.0,0
215,El Dakhlya,Mohab Yasser,6.80,0,1,46,13,59,77.97,21,28,11,3,3,33.33,3,100.0,0
216,Ceramica Cleopatra,Samuel Amadi,6.80,0,1,27,11,38,71.05,9,18,12,1,0,0.0,0,0.0,0
217,Ismaily,Mohamed Abdelsamia,6.80,1,1,81,31,112,72.32,22,65,30,7,6,30.0,3,60.0,1
218,Al-Masry,Zyad Farag,6.80,0,0,13,5,18,72.22,4,9,3,0,0,0.0,0,0.0,0
219,ENPPI,Seif Elkhashab,6.80,0,0,72,29,101,71.29,51,21,8,0,0,0.0,9,45.0,0
220,Al Ahly FC,Mohamed Fakhry,6.80,1,0,225,51,276,81.52,93,133,65,8,1,20.0,13,44.83,1
221,Al-Ittihad Alexandria,Salifu Moro,6.80,2,0,1077,202,1279,84.21,578,501,178,17,2,28.57,69,53.91,0
222,Al-Masry,Emeka Eze,6.80,1,0,855,164,1019,83.91,386,470,166,13,1,12.5,59,62.11,0
223,Al-Masry,Mohamed Grendo,6.80,2,2,453,172,625,72.48,134,325,181,25,6,27.27,9,47.37,0
224,Ismaily,Mohamed Hashem,6.80,1,1,833,199,1032,80.72,596,237,79,4,0,0.0,81,40.5,0
225,Al-Masry,Amr Saadawy,6.80,5,0,561,164,725,77.38,241,336,179,17,16,16.84,50,46.3,0
226,Al-Masry,Karim El Eraki,6.79,0,0,419,106,525,79.81,243,180,62,6,4,14.29,40,43.48,0
227,Al-Ittihad Alexandria,Mohammed Saleh,6.79,0,1,426,131,557,76.48,300,126,35,2,0,0.0,74,50.34,0
228,El Dakhlya,Rasheed Ahmed,6.79,2,1,157,102,259,60.62,61,97,58,14,1,100.0,5,62.5,0
229,ENPPI,Emad Mayhoub,6.79,2,2,70,32,102,68.63,31,44,24,7,5,41.67,3,37.5,0
230,Pharco FC,Kingsley Sokari,6.79,0,0,814,191,1005,81.0,413,401,145,6,0,0.0,58,54.21,0
231,ENPPI,Khaled Reda,6.79,1,1,437,155,592,73.82,284,153,50,4,0,0.0,56,51.85,0
232,Al Ahly FC,Ahmed Kendouci,6.79,3,1,300,71,371,80.86,116,187,91,15,3,50.0,13,50.0,0
233,Ismaily,Mohamed Bayoumi,6.79,0,0,94,30,124,75.81,44,50,23,1,0,0.0,11,45.83,0
234,Tala'ea El-Gaish,Mohamed Shaaban,6.78,1,0,91,175,266,34.21,28,63,27,2,0,0.0,72,29.15,0
235,Modern Future FC,Abdelkabir El Ouady,6.78,1,2,527,161,688,76.6,176,357,207,24,6,25.0,16,51.61,0
236,Al-Mokawloon,John Okoli,6.78,4,3,374,159,533,70.17,104,273,183,29,3,16.67,16,53.33,0
237,Smouha,El-Hani Soliman,6.78,0,0,289,429,718,40.25,131,158,64,3,0,0.0,207,32.75,0
238,Ismaily,Karim El Deeb,6.78,2,1,295,72,367,80.38,124,173,76,12,2,16.67,11,50.0,0
239,Ceramica Cleopatra,Mohamed Metwally Canaria,6.78,2,1,1232,291,1523,80.89,399,838,403,25,5,26.32,94,53.71,0
240,Ceramica Cleopatra,Mohamed Nassef,6.78,1,0,67,21,88,76.14,32,43,16,6,8,30.77,3,27.27,0
241,Ceramica Cleopatra,Constant Wayou,6.78,0,0,82,18,100,82.0,32,51,26,3,1,11.11,4,36.36,0
242,Al-Masry,Amro Tarek,6.78,0,0,78,29,107,72.9,49,30,10,0,1,20.0,10,43.48,0
243,Smouha,Ahmed Hakam,6.77,0,0,562,244,806,69.73,387,175,43,1,0,0.0,58,32.58,0
244,Al-Mokawloon,Mohamed Magli,6.77,0,0,504,144,648,77.78,202,302,125,9,0,0.0,41,51.25,0
245,Al-Ittihad Alexandria,Mahmoud Abdel-Aziz,6.77,0,1,337,92,429,78.55,190,148,58,7,1,33.33,23,45.1,0
246,Pharco FC,Amr Gamal,6.77,1,0,276,146,422,65.4,94,183,102,18,1,20.0,9,56.25,0
247,Tala'ea El-Gaish,Islam Mohareb,6.77,0,1,510,172,682,74.78,231,280,139,10,1,5.0,32,48.48,0
248,Al Ahly FC,Ahmed Nabil Koka,6.77,1,1,275,39,314,87.58,131,144,41,3,0,0.0,19,67.86,0
249,Al Ahly FC,Percy Tau,6.77,6,2,463,69,532,87.03,134,329,175,23,0,0.0,6,60.0,0
250,National Bank of Egypt,Ahmed El Aash,6.77,0,0,357,129,486,73.46,249,108,35,0,0,0.0,43,45.74,0
251,Modern Future FC,Ahmed Atef,6.77,0,0,130,49,179,72.63,38,93,52,8,1,20.0,3,42.86,0
252,Pyramids FC,Fakhreddine Ben Youssef,6.77,2,2,221,73,294,75.17,64,158,95,7,1,8.33,4,50.0,0
253,Al-Ittihad Alexandria,Ibrahim Hassan,6.77,10,3,544,194,738,73.71,147,421,218,35,24,30.77,28,41.79,0
254,ENPPI,Ahmed Youssef,6.77,2,2,544,159,703,77.38,276,269,105,10,1,100.0,48,42.86,0
255,Al-Mokawloon,Louay Wael,6.77,0,0,27,20,47,57.45,18,9,1,0,0,0.0,2,16.67,0
256,Pharco FC,Jefferson Encada,6.77,0,2,525,133,658,79.79,285,245,102,11,5,14.71,28,38.36,0
257,Al-Ittihad Alexandria,Sobhy Soliman,6.77,0,0,32,37,69,46.38,24,8,2,0,0,0.0,14,27.45,0
258,Ceramica Cleopatra,Mohamed Ibrahim,6.76,5,4,1018,298,1316,77.36,273,768,457,62,23,24.47,54,52.94,0
259,Al Ahly FC,Shady Hussein,6.76,0,1,124,33,157,78.98,24,101,42,6,1,50.0,7,63.64,0
260,Al-Ittihad Alexandria,Ammar Hamdy,6.76,0,0,168,43,211,79.62,77,92,47,4,1,25.0,2,15.38,0
261,National Bank of Egypt,Karim Bambo,6.76,3,2,234,102,336,69.64,89,148,91,12,3,11.11,9,45.0,0
262,Pharco FC,Ahmed Awad,6.76,0,0,364,130,494,73.68,248,116,29,2,0,0.0,53,38.69,0
263,Al-Mokawloon,Mohamed Salem,6.75,0,1,55,49,104,52.88,15,42,26,5,2,28.57,2,40.0,0
264,Aswan SC,Malick Evouna,6.75,0,0,28,21,49,57.14,12,16,10,0,0,0.0,1,50.0,0
265,Al-Masry,Hossam Greisha,6.75,1,1,50,20,70,71.43,11,39,27,3,0,0.0,2,33.33,0
266,Aswan SC,Mustafa Anani,6.75,0,0,30,11,41,73.17,17,13,5,2,0,0.0,2,33.33,0
267,Al-Masry,Mohamed El Fayoumi,6.75,0,0,62,21,83,74.7,25,38,12,4,1,33.33,11,55.0,0
268,Pyramids FC,Hesham Mohamed,6.75,0,0,155,13,168,92.26,92,63,18,0,0,0.0,11,84.62,0
269,Tala'ea El-Gaish,Omar Radwan,6.75,0,0,107,55,162,66.05,99,8,1,0,0,0.0,24,31.58,0
270,Zamalek SC,Shikabala,6.75,4,2,273,79,352,77.56,68,212,133,12,7,23.33,16,51.61,0
271,El Dakhlya,Mostafa Fawzy,6.75,1,1,103,80,183,56.28,27,76,42,10,0,0.0,5,55.56,0
272,National Bank of Egypt,Mahmoud Sayed,6.75,1,1,470,118,588,79.93,230,245,110,12,5,31.25,26,50.0,0
273,Tala'ea El-Gaish,Hassan Magdy,6.74,0,0,195,63,258,75.58,89,112,49,3,6,20.0,33,51.56,0
274,El Dakhlya,Ali El Zahdi,6.74,3,0,177,103,280,63.21,65,115,69,12,3,13.04,8,32.0,0
275,Smouha,Dokou Dodo,6.74,2,1,605,205,810,74.69,268,337,153,13,0,0.0,70,51.47,0
276,Ghazl El Mahalla,Ahmed Mayhoub,6.74,0,0,244,114,358,68.16,217,27,14,0,0,0.0,57,35.85,0
277,ENPPI,Mohamed Hamed,6.74,0,0,508,210,718,70.75,337,171,55,1,0,0.0,86,39.63,0
278,Ismaily,Karim Arafat,6.74,0,0,206,71,277,74.37,80,136,65,7,10,26.32,18,45.0,0
279,Smouha,Sodiq Awujoola,6.74,4,1,341,124,465,73.33,95,248,154,30,2,10.53,19,59.38,0
280,Ceramica Cleopatra,Mahmoud Bolbol Nabil,6.74,0,0,361,55,416,86.78,145,216,99,2,0,0.0,31,59.62,0
281,Zamalek SC,Hatem Mohamed,6.74,0,0,338,63,401,84.29,170,173,76,5,5,50.0,22,51.16,0
282,El Dakhlya,Mahmoud Talaat,6.74,0,0,718,220,938,76.55,329,393,168,16,4,14.29,58,47.54,0
283,El Dakhlya,Kelechi Chimezie,6.74,2,1,848,205,1053,80.53,505,345,131,10,2,25.0,71,53.79,0
284,Al-Mokawloon,Amir Abed,6.74,0,0,255,92,347,73.49,135,124,45,5,4,21.05,34,40.48,0
285,Pharco FC,Mohamed Ahmed Fouad,6.74,0,1,276,94,370,74.59,106,179,105,14,9,20.0,19,45.24,0
286,Ghazl El Mahalla,Ehab Samir,6.73,0,1,648,217,865,74.91,336,333,152,15,21,25.93,74,46.25,0
287,Aswan SC,Amr Hossam,6.73,0,0,360,392,752,47.87,208,152,46,2,0,0.0,200,34.07,0
288,El Dakhlya,Ahmed Sayed Abdelnaby,6.73,1,2,483,224,707,68.32,248,250,129,17,15,24.59,43,30.71,0
289,Al-Mokawloon,Ahmed Fawzi,6.73,1,1,191,78,269,71.0,81,110,47,7,0,0.0,20,42.55,0
290,National Bank of Egypt,Ahmed Said,6.73,1,0,234,84,318,73.58,106,128,71,5,0,0.0,37,53.62,0
291,Smouha,Benjamin Bernard Boateng,6.73,2,1,196,94,290,67.59,54,142,81,14,0,0.0,7,53.85,0
292,Aswan SC,Dilson,6.73,2,2,205,101,306,66.99,64,141,76,9,0,0.0,7,58.33,0
293,Pyramids FC,Dodo El Gabas,6.73,0,0,18,11,29,62.07,7,11,8,0,0,0.0,1,33.33,0
294,ENPPI,Ahmed Eid,6.73,0,0,171,83,254,67.32,87,97,39,9,13,28.26,19,37.25,1
295,Ghazl El Mahalla,Mohamed Bazoka,6.73,1,1,807,344,1151,70.11,496,313,142,6,2,15.38,124,43.36,0
296,Al Ahly FC,Ahmed Abdelkader,6.73,2,0,487,106,593,82.12,144,345,187,21,2,22.22,20,60.61,0
297,Al-Ittihad Alexandria,Mohamed Mahmoud,6.73,0,1,275,73,348,79.02,69,208,111,11,2,40.0,27,65.85,0
298,Modern Future FC,Tarek Taha,6.73,0,0,147,21,168,87.5,69,86,33,3,8,21.62,8,72.73,0
299,Al-Masry,Ziad Kamal,6.73,0,0,219,56,275,79.64,106,116,37,6,3,33.33,13,43.33,0
300,Ceramica Cleopatra,John Okoye Ebuka,6.72,1,1,117,44,161,72.67,29,89,58,9,1,25.0,1,50.0,0
301,Tala'ea El-Gaish,Farid Shawky,6.72,0,1,1136,230,1366,83.16,628,512,171,12,4,25.0,116,55.24,0
302,Zamalek SC,Omar Gaber,6.72,1,1,345,70,415,83.13,145,213,96,11,13,44.83,12,50.0,0
303,National Bank of Egypt,Ahmed Yasser,6.72,3,2,290,136,426,68.08,121,173,86,9,4,16.0,24,44.44,0
304,Pharco FC,Abdel Naser Mohamed Di Maria,6.72,0,1,88,34,122,72.13,17,75,49,6,4,15.38,5,41.67,0
305,ENPPI,Rafik Kabou,6.71,3,5,476,158,634,75.08,129,353,175,29,6,25.0,16,61.54,0
306,El Dakhlya,Walid Mostafa,6.71,1,2,138,57,195,70.77,59,83,42,6,4,14.29,12,40.0,0
307,Al Ahly FC,Mohamed Ashraf,6.71,0,0,180,46,226,79.65,86,98,56,3,4,18.18,10,43.48,0
308,Aswan SC,Islam Salah,6.71,0,0,280,63,343,81.63,225,55,9,2,0,0.0,16,36.36,0
309,Al-Ittihad Alexandria,Naser Naser,6.71,0,0,358,73,431,83.06,167,196,83,11,5,27.78,25,54.35,0
310,Zamalek SC,Mohamed Tarek,6.71,0,0,170,34,204,83.33,96,76,31,4,2,40.0,8,42.11,0
311,Al-Masry,Abderrahim Deghmoum,6.71,1,1,559,154,713,78.4,185,378,197,22,4,15.38,37,58.73,0
312,Aswan SC,Mostafa Abdel Rasoul,6.71,0,0,179,77,256,69.92,108,71,23,0,0,0.0,14,35.9,0
313,Aswan SC,Emad Fathy,6.71,5,1,580,188,768,75.52,234,358,203,24,12,31.58,31,46.97,0
314,Aswan SC,Belal El Sayed,6.71,1,1,436,116,552,78.99,182,266,121,15,12,21.82,30,46.15,0
315,Modern Future FC,Hesham Balaha,6.71,0,0,178,38,216,82.41,54,132,51,5,8,29.63,9,69.23,0
316,Smouha,Malek Baayou,6.71,0,0,228,72,300,76.0,79,149,64,4,0,0.0,14,41.18,0
317,Al-Masry,Ahmed Emad,6.71,0,0,164,71,235,69.79,96,69,22,1,1,20.0,14,37.84,0
318,Pharco FC,Ahmed El-Saghiri,6.71,1,0,479,155,634,75.55,226,268,111,16,15,28.85,19,37.25,0
319,Tala'ea El-Gaish,Khaled Stouhi,6.71,0,0,330,141,471,70.06,210,120,33,4,0,0.0,55,35.71,0
320,Tala'ea El-Gaish,Khaled Kamar,6.71,2,2,115,73,188,61.17,54,61,28,5,0,0.0,10,55.56,0
321,ENPPI,Mohamed Hamdi,6.70,1,3,535,181,716,74.72,242,308,154,15,15,17.65,48,44.44,0
322,Ismaily,Firas Chaouat,6.70,1,1,237,120,357,66.39,55,182,108,18,0,0.0,2,33.33,0
323,Pyramids FC,Ibrahim Adel,6.70,1,0,341,90,431,79.12,66,279,163,19,4,23.53,16,64.0,0
324,Ismaily,Ahmed Madbouli,6.70,3,4,501,198,699,71.67,131,388,230,35,18,18.18,33,39.76,0
325,Smouha,Ahmed Mostafa,6.70,1,2,489,154,643,76.05,172,318,180,19,1,7.69,25,40.32,0
326,Zamalek SC,Sayed Abdallah,6.70,3,2,501,85,586,85.49,186,324,173,17,9,27.27,18,58.06,0
327,ENPPI,Karim El Tayeb,6.70,1,1,85,53,138,61.59,22,63,39,3,0,0.0,3,25.0,0
328,Al-Masry,Saeed Kamal,6.70,0,0,61,19,80,76.25,26,35,7,0,0,0.0,2,20.0,0
329,ENPPI,Mohamed Abdel Aati,6.70,0,0,310,78,388,79.9,109,203,98,6,2,22.22,37,72.55,0
330,Al-Ittihad Alexandria,Ahmed Sayed Gharib,6.70,1,1,7,5,12,58.33,1,6,5,1,0,0.0,2,50.0,0
331,ENPPI,Amr Marey,6.70,1,1,39,10,49,79.59,12,27,22,4,0,0.0,0,0.0,0
332,Modern Future FC,Ahmed Yehia,6.70,0,0,10,0,10,100.0,10,0,0,0,0,0.0,2,100.0,0
333,Al-Mokawloon,Ahmed Afifi,6.70,0,0,5,3,8,62.5,1,5,1,0,1,50.0,0,0.0,0
334,ENPPI,Mohamed El Nahass,6.70,0,0,4,1,5,80.0,2,2,1,0,0,0.0,1,100.0,0
335,Zamalek SC,Ahmed Esho,6.70,0,0,27,7,34,79.41,7,20,14,1,0,0.0,0,0.0,0
336,Tala'ea El-Gaish,Yehia Hamed,6.70,0,0,5,3,8,62.5,3,2,0,0,0,0.0,0,0.0,0
337,Pharco FC,Hassan Tarek,6.70,0,0,8,5,13,61.54,2,6,4,0,0,0.0,0,0.0,0
338,Zamalek SC,Mohamed Hossam,6.70,0,0,21,7,28,75.0,4,17,10,1,0,0.0,1,20.0,0
339,ENPPI,Ibrahim Galal,6.70,0,0,11,7,18,61.11,7,4,1,1,0,0.0,0,0.0,0
340,Al-Mokawloon,Youssef Magdy Abdel Ghani,6.70,0,0,1,1,2,50.0,1,1,0,1,1,50.0,0,0.0,0
341,Zamalek SC,Mohamed Abdel Shafi,6.70,0,0,204,68,272,75.0,78,129,66,3,3,15.0,12,30.77,0
342,Haras El Hedoud,Omar Bassam,6.70,0,0,73,30,103,70.87,34,39,21,3,0,0.0,3,75.0,0
343,El Dakhlya,Mohamed Ramadan,6.70,1,0,118,30,148,79.73,28,94,40,7,4,44.44,13,54.17,0
344,National Bank of Egypt,Ahmed Yassin,6.69,0,0,498,139,637,78.18,391,108,33,3,1,100.0,48,41.03,0
345,Aswan SC,Mohamed Atwa,6.69,0,0,506,181,687,73.65,385,122,29,2,1,50.0,61,36.75,0
346,National Bank of Egypt,Osama Faisal,6.69,0,0,223,100,323,69.04,75,149,85,8,1,9.09,9,37.5,0
347,National Bank of Egypt,Osama Ibrahim,6.69,2,1,433,219,652,66.41,249,194,73,3,10,20.41,70,46.67,0
348,Ghazl El Mahalla,Amr Shaaban,6.69,1,0,198,93,291,68.04,179,19,8,2,0,0.0,39,31.45,0
349,El Dakhlya,Mohamed Naguib,6.69,0,0,610,248,858,71.1,407,205,65,5,2,50.0,81,38.94,1
350,Al-Masry,Abdo Yehia,6.69,4,1,217,116,333,65.17,60,165,99,14,8,22.86,14,53.85,0
351,ENPPI,Marwan Dawoud,6.69,0,0,304,125,429,70.86,150,168,71,12,14,21.88,20,28.17,0
352,Al-Masry,Ragab Omran,6.69,1,0,154,75,229,67.25,46,116,63,8,8,27.59,7,29.17,0
353,Pharco FC,Azmi Ghouma,6.69,1,0,335,125,460,72.83,163,182,86,7,10,23.26,25,38.46,0
354,ENPPI,Mody Naser,6.69,0,0,380,125,505,75.25,193,187,92,2,0,0.0,26,50.0,0
355,Tala'ea El-Gaish,Mohamed Sherif,6.68,1,1,146,57,203,71.92,43,114,52,16,11,30.56,8,44.44,0
356,ENPPI,Abdel Aziz El Balouti,6.68,0,0,211,229,440,47.95,119,92,14,0,0,0.0,118,34.4,0
357,Haras El Hedoud,Islam Gamal,6.68,0,0,168,56,224,75.0,59,112,55,8,3,27.27,7,46.67,0
358,Ghazl El Mahalla,Ahmed El Nadry,6.68,1,1,824,167,991,83.15,381,447,187,19,4,22.22,73,54.89,0
359,Ghazl El Mahalla,Salah Rico,6.68,0,0,72,20,92,78.26,41,31,18,3,0,0.0,11,73.33,0
360,Ceramica Cleopatra,Ibrahim Ayoola,6.68,0,0,27,12,39,69.23,7,20,12,4,0,0.0,1,100.0,0
361,Tala'ea El-Gaish,Ahmed Ayman Mansour,6.68,2,1,774,292,1066,72.61,458,317,98,8,1,20.0,117,42.7,0
362,Zamalek SC,Youssef Osama Nabih,6.68,1,0,184,55,239,76.99,45,142,65,10,3,23.08,6,50.0,0
363,Ceramica Cleopatra,Abdelrahman Body,6.68,0,0,60,21,81,74.07,28,32,16,1,0,0.0,2,28.57,0
364,El Dakhlya,Ahmed Abdelrasoul,6.68,0,0,322,250,572,56.29,188,135,56,2,1,100.0,74,32.31,0
365,Modern Future FC,Karim Nedved,6.67,1,0,457,52,509,89.78,245,213,80,4,1,14.29,20,57.14,0
366,Al-Masry,Hassan Ali,6.67,1,2,265,82,347,76.37,110,160,67,10,5,33.33,21,48.84,0
367,Aswan SC,Mahmoud Fahmy,6.67,0,0,43,22,65,66.15,18,25,18,3,0,0.0,2,33.33,0
368,Haras El Hedoud,Mostafa Sobhi,6.67,2,1,208,67,275,75.64,79,134,82,8,5,29.41,7,35.0,0
369,Ismaily,Mohamed Koko,6.67,0,0,207,134,341,60.7,159,48,13,0,0,0.0,74,35.75,0
370,Smouha,Hussein Faisal,6.67,2,4,558,189,747,74.7,141,420,214,25,3,9.68,22,53.66,0
371,Pharco FC,Ahmed Sherif,6.67,0,1,119,56,175,68.0,43,76,46,7,0,0.0,7,63.64,0
372,ENPPI,Youssef Labib,6.67,0,0,14,15,29,48.28,8,6,5,1,0,0.0,0,0.0,0
373,Pharco FC,Mohamed Zakaria Shika,6.67,0,0,41,21,62,66.13,16,26,12,1,1,7.14,2,40.0,0
374,Tala'ea El-Gaish,Mohamed Samir,6.67,0,0,277,114,391,70.84,196,81,22,2,0,0.0,24,28.57,0
375,Haras El Hedoud,Ahmed Fathi Hamza,6.66,0,0,973,262,1235,78.79,461,515,210,6,3,42.86,52,47.27,0
376,Ismaily,Omar El Saaiy,6.66,0,0,89,26,115,77.39,19,73,38,4,3,37.5,5,45.45,0
377,National Bank of Egypt,Hamdy Alaa,6.66,1,0,253,57,310,81.61,119,134,58,5,0,0.0,31,72.09,0
378,Ismaily,Mohamed Desouki,6.66,1,0,883,253,1136,77.73,458,445,215,14,20,20.83,59,42.45,0
379,Al-Ittihad Alexandria,Islam Abdelnaim,6.66,2,1,344,72,416,82.69,98,254,125,20,8,23.53,11,47.83,0
380,Modern Future FC,Mohamed Farouk,6.66,0,0,203,45,248,81.85,77,127,65,4,1,20.0,4,30.77,0
381,Ghazl El Mahalla,Mohamed Gaber,6.66,1,2,733,241,974,75.26,349,399,198,21,15,19.48,77,54.61,0
382,Pharco FC,Yassin Marei,6.66,0,0,140,38,178,78.65,92,48,19,0,0,0.0,13,52.0,0
383,El Dakhlya,Ahmed Dahesh,6.66,0,0,40,30,70,57.14,20,23,11,4,3,23.08,3,30.0,0
384,Al-Mokawloon,Ahmed El Shimi,6.66,0,0,847,294,1141,74.23,383,467,197,9,3,12.0,91,48.92,0
385,Al-Ittihad Alexandria,Mostafa Ibrahim,6.66,0,0,131,56,187,70.05,93,39,13,1,1,50.0,16,34.78,0
386,Ghazl El Mahalla,Ahmed Reda,6.65,1,0,116,33,149,77.85,34,86,38,6,4,20.0,6,40.0,0
387,Modern Future FC,Ali Zaazaa,6.65,1,0,218,89,307,71.01,66,156,81,6,4,21.05,9,42.86,0
388,Modern Future FC,Omar El Said,6.65,0,0,118,47,165,71.52,44,75,43,4,1,8.33,1,25.0,0
389,Ghazl El Mahalla,Hazem Morsi,6.65,0,0,103,50,153,67.32,30,73,49,4,0,0.0,8,88.89,0
390,Al-Ittihad Alexandria,Austin Amutu,6.65,0,1,94,58,152,61.84,38,56,24,5,0,0.0,4,80.0,0
391,ENPPI,Mostafa Dowidar,6.65,0,1,228,93,321,71.03,86,144,70,7,2,11.11,22,50.0,0
392,Al-Masry,Amr El Morsi,6.65,0,0,4,2,6,66.67,1,3,2,0,0,0.0,0,0.0,0
393,ENPPI,Girgis Magdy,6.65,0,0,23,6,29,79.31,11,13,8,0,1,25.0,2,100.0,0
394,Al Ahly FC,Ahmed Ashraf Ahmed,6.65,0,0,53,22,75,70.67,26,29,12,3,2,66.67,5,38.46,0
395,National Bank of Egypt,Eslam Gaber,6.65,1,1,249,72,321,77.57,90,167,82,15,8,27.59,31,62.0,0
396,Al-Masry,Osama El Gazar,6.64,0,0,196,30,226,86.73,90,106,42,0,0,0.0,8,36.36,0
397,Ismaily,Mohamed El Shamy,6.64,1,1,435,203,638,68.18,123,314,180,25,2,6.67,12,37.5,0
398,Haras El Hedoud,Hamed Khaled El Gabry,6.64,0,0,321,146,467,68.74,148,178,88,6,5,13.16,23,34.85,0
399,Tala'ea El-Gaish,Ahmed Masoud,6.64,0,0,123,46,169,72.78,97,26,5,0,0,0.0,42,47.73,0
400,Al-Mokawloon,Mohamed Hozian,6.64,0,0,90,36,126,71.43,32,64,24,5,6,24.0,6,40.0,0
401,Zamalek SC,Samson Akinyoola,6.63,1,1,70,15,85,82.35,17,53,32,6,0,0.0,1,33.33,0
402,Smouha,Omar Salah,6.63,0,1,90,133,223,40.36,59,31,12,1,0,0.0,42,24.0,0
403,Al-Ittihad Alexandria,Gavin Kizito,6.63,0,0,64,17,81,79.01,28,40,15,3,4,28.57,2,33.33,0
404,Modern Future FC,Mohamed Abdelsalam,6.63,0,0,77,20,97,79.38,48,29,7,0,0,0.0,4,33.33,0
405,Smouha,El Sabahy Emad,6.63,0,0,29,31,60,48.33,13,16,7,0,0,0.0,2,16.67,0
406,Tala'ea El-Gaish,Mohamed Diab,6.63,0,0,165,45,210,78.57,119,46,11,0,0,0.0,21,56.76,0
407,Haras El Hedoud,Mohamed Ahmed Kamel,6.63,0,0,167,63,230,72.61,115,52,10,0,0,0.0,14,29.79,0
408,Smouha,Mohamed El-Maghrabi,6.63,0,0,225,88,313,71.88,143,85,39,2,3,23.08,15,28.85,0
409,El Dakhlya,Abdelaziz El Sayed,6.63,2,0,678,195,873,77.66,316,382,168,16,20,26.32,46,35.94,0
410,ENPPI,Mostafa Shakshak,6.63,1,0,448,148,596,75.17,200,255,110,13,7,25.93,51,52.58,0
411,Zamalek SC,Seif Farouk Gaafar,6.63,0,1,202,51,253,79.84,64,138,77,6,0,0.0,19,65.52,0
412,Haras El Hedoud,Mahmoud Mamdouh,6.63,0,0,131,56,187,70.05,40,94,57,9,3,25.0,10,55.56,0
413,National Bank of Egypt,Mohamed Bassiouny,6.63,0,0,320,103,423,75.65,199,131,51,4,10,35.71,25,35.71,0
414,Al-Masry,Ahmed El Sheikh,6.63,1,1,93,33,126,73.81,29,65,43,5,1,12.5,5,45.45,0
415,National Bank of Egypt,Basem Morsi,6.63,1,1,155,97,252,61.51,65,90,50,6,0,0.0,14,51.85,0
416,Ismaily,Essam Sobhy,6.62,1,0,350,192,542,64.58,156,203,79,8,9,20.93,34,28.1,0
417,Haras El Hedoud,Mostafa Gamal,6.62,2,1,835,249,1084,77.03,368,467,185,13,0,0.0,75,52.82,0
418,Al Ahly FC,Bruno Sávio,6.62,1,2,199,78,277,71.84,42,159,98,8,2,11.11,7,50.0,0
419,Smouha,Alia Sylla,6.62,0,0,38,28,66,57.58,10,28,16,3,0,0.0,1,50.0,0
420,Haras El Hedoud,Kingsley Fidelis Kuku,6.61,1,0,74,25,99,74.75,33,41,16,4,0,0.0,4,44.44,0
421,Ghazl El Mahalla,Khaled El Akhmimi,6.61,0,0,278,57,335,82.99,89,189,86,4,0,0.0,16,47.06,0
422,Haras El Hedoud,Emmanuel David,6.61,1,1,139,62,201,69.15,40,100,54,7,1,25.0,7,53.85,0
423,Ghazl El Mahalla,Ibrahim Kone,6.61,0,0,173,44,217,79.72,73,101,57,3,1,9.09,6,54.55,0
424,Ceramica Cleopatra,Salah Mohsen,6.61,1,1,111,60,171,64.91,26,85,45,8,0,0.0,3,42.86,0
425,Aswan SC,Gedo,6.60,0,2,191,93,284,67.25,69,123,74,11,1,7.69,6,40.0,0
426,Aswan SC,Ali Fathi,6.60,3,1,755,357,1112,67.9,361,409,214,20,15,18.07,69,33.01,0
427,Tala'ea El-Gaish,Paul Joules,6.60,0,0,44,31,75,58.67,14,30,19,1,0,0.0,2,66.67,0
428,Pharco FC,Gaber Kamel,6.60,0,0,260,116,376,69.15,160,104,33,5,4,10.53,20,34.48,0
429,National Bank of Egypt,Assem Salah,6.60,0,1,203,68,271,74.91,108,100,57,3,5,25.0,24,46.15,0
430,Smouha,Mohammed Rashid,6.60,0,0,5,0,5,100.0,4,1,0,0,0,0.0,0,0.0,0
431,Al Ahly FC,Motaz El Sayed,6.60,0,0,26,4,30,86.67,21,5,1,1,0,0.0,1,50.0,0
432,Ismaily,Khaled Alnabrisi,6.60,0,0,5,1,6,83.33,3,2,1,0,0,0.0,0,0.0,0
433,Al-Masry,Sherif Dabo,6.60,0,0,2,0,2,100.0,0,3,1,0,1,33.33,0,0.0,0
434,Ismaily,Abdoul Kader Coulibaly,6.60,0,0,3,0,3,100.0,2,1,0,0,0,0.0,0,0.0,0
435,Aswan SC,Saber El Shimi,6.60,0,0,2,1,3,66.67,2,0,0,0,0,0.0,1,100.0,0
436,El Dakhlya,Mahmoud El Gharabawy,6.60,0,0,5,11,16,31.25,1,4,0,0,0,0.0,5,31.25,0
437,El Dakhlya,Mahmoud Shedid Kenawi,6.60,0,0,14,6,20,70.0,6,8,2,0,0,0.0,1,25.0,0
438,ENPPI,Shemeles Bekele,6.60,0,0,8,9,17,47.06,3,6,1,1,1,100.0,0,0.0,0
439,Al-Mokawloon,El Habib Ahmed Hassan,6.60,0,0,7,0,7,100.0,2,5,2,1,0,0.0,1,100.0,0
440,Al-Ittihad Alexandria,Amr Khalil,6.60,0,0,27,25,52,51.92,23,4,3,0,0,0.0,12,32.43,0
441,Ismaily,Mohamed Benkhemassa,6.60,0,0,42,7,49,85.71,25,17,3,0,0,0.0,1,16.67,0
442,Zamalek SC,Ali Yasser,6.60,0,0,16,10,26,61.54,8,8,5,1,0,0.0,0,0.0,0
443,Pyramids FC,Ojo Tolulope,6.60,0,0,4,1,5,80.0,2,2,0,0,0,0.0,0,0.0,0
444,Ceramica Cleopatra,Arthur Justice,6.60,0,0,82,26,108,75.93,33,49,19,0,0,0.0,2,40.0,0
445,Pharco FC,Mahmoud Gehad,6.60,0,0,67,28,95,70.53,38,29,9,2,0,0.0,5,33.33,0
446,Haras El Hedoud,Medhat Fakousa,6.60,0,0,94,27,121,77.69,41,53,23,0,0,0.0,5,55.56,0
447,ENPPI,Salah Zayed,6.60,0,0,18,6,24,75.0,4,15,7,1,1,11.11,0,0.0,0
448,ENPPI,Eric Traore,6.60,0,0,143,58,201,71.14,58,85,37,5,0,0.0,2,33.33,0
449,Tala'ea El-Gaish,Ali Hamdy,6.60,0,0,293,135,428,68.46,140,156,67,8,3,27.27,47,46.08,0
450,Smouha,Ahmed Gamal,6.60,0,0,368,149,517,71.18,157,213,101,8,2,7.41,32,35.16,0
451,Ismaily,Mahmoud Shabrawy,6.59,0,0,113,48,161,70.19,31,83,52,2,1,10.0,5,45.45,0
452,El Dakhlya,Momen Atef,6.59,0,0,316,113,429,73.66,174,145,60,3,3,16.67,23,38.98,0
453,ENPPI,Abdel Rahman Emad,6.59,0,1,123,39,162,75.93,35,90,59,5,2,33.33,6,42.86,0
454,Pharco FC,Mahmoud Emad,6.59,2,0,224,53,277,80.87,116,109,33,5,1,25.0,5,26.32,0
455,Smouha,Mohamed Saeed,6.59,1,0,205,123,328,62.5,82,136,72,14,13,39.39,14,30.43,0
456,Ceramica Cleopatra,Mahmoud Zalaka,6.59,1,1,67,22,89,75.28,15,54,35,4,2,25.0,2,50.0,0
457,Smouha,Halimo,6.59,0,0,553,216,769,71.91,211,342,143,12,0,0.0,50,42.37,0
458,Ghazl El Mahalla,Paulin Voavy,6.59,1,1,110,34,144,76.39,35,77,43,4,2,28.57,4,66.67,0
459,Al Ahly FC,Mohamed Dhaoui,6.59,1,1,109,17,126,86.51,30,82,42,6,3,21.43,8,80.0,0
460,Haras El Hedoud,Ahmed El Saadani,6.59,0,0,108,114,222,48.65,76,32,7,0,0,0.0,50,30.67,0
461,National Bank of Egypt,Razak Cissé,6.59,2,1,182,65,247,73.68,58,125,73,7,1,7.14,10,66.67,0
462,El Dakhlya,Eric Serge,6.59,0,0,143,35,178,80.34,57,87,33,5,1,14.29,4,36.36,0
463,Smouha,Zeyad Tarek,6.58,1,0,45,18,63,71.43,12,36,16,4,3,33.33,2,40.0,0
464,Ghazl El Mahalla,Abdelrahman Atef,6.58,0,0,139,51,190,73.16,52,88,50,3,1,25.0,9,75.0,0
465,Pyramids FC,Abdallah Magdy,6.58,1,0,178,35,213,83.57,91,90,35,5,3,21.43,6,60.0,0
466,Al-Masry,Franck Mbella Etouga,6.58,0,0,116,40,156,74.36,45,72,33,5,1,33.33,3,37.5,0
467,National Bank of Egypt,Firas Ifia,6.58,0,0,47,12,59,79.66,7,41,22,1,1,12.5,3,37.5,0
468,Haras El Hedoud,Wagih Abdel Hakim,6.58,1,0,197,114,311,63.34,64,134,69,10,1,11.11,9,31.03,0
469,Smouha,Barakat Haggag,6.58,0,0,245,120,365,67.12,153,92,36,2,0,0.0,55,42.31,0
470,Zamalek SC,Youssef Hassan,6.58,0,0,22,11,33,66.67,8,14,9,1,0,0.0,2,100.0,0
471,Modern Future FC,Abdallah Yaisien,6.58,0,0,62,16,78,79.49,21,41,17,0,0,0.0,3,50.0,0
472,Haras El Hedoud,Ahmed Ayman,6.57,0,0,147,61,208,70.67,73,79,38,2,5,35.71,8,44.44,0
473,Modern Future FC,Mostafa El-Badry,6.57,2,0,169,49,218,77.52,70,104,52,9,5,26.32,7,46.67,0
474,Al-Masry,Islam Ateia,6.57,1,1,189,55,244,77.46,68,122,54,5,1,20.0,11,45.83,0
475,Tala'ea El-Gaish,Arabi Badr,6.57,0,0,70,21,91,76.92,32,38,15,1,0,0.0,6,42.86,0
476,Pyramids FC,Mohamed Sadek,6.57,1,0,158,33,191,82.72,51,107,58,3,0,0.0,7,63.64,0
477,Modern Future FC,Aymen Sfaxi,6.56,1,0,192,44,236,81.36,74,120,59,4,2,11.11,7,50.0,0
478,Ghazl El Mahalla,Mahmoud Alaa El Katamy,6.56,0,0,140,54,194,72.16,62,82,29,1,4,66.67,8,29.63,0
479,Smouha,Abubakar Liday,6.56,0,0,67,38,105,63.81,22,46,26,2,1,10.0,5,71.43,0
480,Ghazl El Mahalla,Karim Mostafa,6.56,0,1,230,92,322,71.43,84,148,89,9,2,11.76,10,47.62,0
481,Smouha,Ahmed Shousha,6.56,0,0,375,177,552,67.93,210,166,66,3,1,33.33,73,41.24,0
482,Smouha,Mohamed Nadi,6.55,0,1,154,76,230,66.96,44,113,59,9,3,21.43,8,44.44,0
483,Haras El Hedoud,Ahmed Dawooda,6.55,1,1,95,14,109,87.16,38,57,31,2,0,0.0,5,100.0,0
484,Aswan SC,Omar Saoudi,6.55,0,0,3,0,3,100.0,1,2,2,0,0,0.0,0,0.0,0
485,Tala'ea El-Gaish,Fares Hatem,6.55,0,0,7,7,14,50.0,5,2,1,0,0,0.0,0,0.0,0
486,Smouha,Momen Mohamed Abd Rabo,6.55,0,0,53,23,76,69.74,30,23,9,1,0,0.0,11,45.83,0
487,Smouha,Tariq Alaa,6.55,0,0,84,33,117,71.79,38,47,24,1,1,33.33,6,25.0,0
488,Aswan SC,Ahmed Hamoudi,6.55,0,0,99,38,137,72.26,32,68,41,4,1,7.69,6,33.33,0
489,Tala'ea El-Gaish,Mahmoud Wahid,6.54,0,0,78,30,108,72.22,38,42,19,3,2,18.18,3,20.0,0
490,Haras El Hedoud,Valentine Odoh,6.54,0,0,153,54,207,73.91,44,110,72,3,1,100.0,8,88.89,0
491,Al-Ittihad Alexandria,Abdelghani Mohamed,6.54,1,0,176,55,231,76.19,61,119,68,12,4,21.05,7,63.64,0
492,Ghazl El Mahalla,Charles Ekpenyong,6.54,0,0,66,40,106,62.26,17,50,31,3,1,20.0,3,42.86,0
493,El Dakhlya,Karim Yehia,6.53,1,0,178,115,293,60.75,83,101,40,3,6,37.5,18,24.66,0
494,Aswan SC,Islam Gamal,6.53,0,0,114,49,163,69.94,76,38,14,2,0,0.0,9,26.47,0
495,ENPPI,Momen Rady,6.53,0,0,116,27,143,81.12,50,66,24,0,0,0.0,8,61.54,0
496,Al-Ittihad Alexandria,Ahmed Adel,6.53,3,3,454,145,599,75.79,129,332,186,24,7,13.46,24,52.17,0
497,Al-Mokawloon,Youssef El Gohary,6.52,0,0,163,76,239,68.2,67,98,56,2,2,11.76,10,41.67,0
498,Modern Future FC,Hadji Barry,6.52,1,1,200,39,239,83.68,74,128,65,10,2,40.0,6,66.67,0
499,Ceramica Cleopatra,Mohamed Antar,6.52,1,1,339,105,444,76.35,86,263,152,21,10,27.78,20,54.05,0
500,Al-Masry,Ahmed Shadad,6.52,0,0,58,16,74,78.38,28,32,9,1,2,66.67,4,50.0,0
501,El Dakhlya,Mohamed Nosseir,6.52,1,0,102,41,143,71.33,63,39,19,2,0,0.0,10,47.62,0
502,El Dakhlya,Abdullahi Ojifinni,6.52,0,0,48,23,71,67.61,18,30,18,0,0,0.0,1,16.67,0
503,Al-Ittihad Alexandria,Ahmed Eid,6.52,0,0,157,50,207,75.85,57,102,62,6,2,10.0,7,46.67,0
504,Pharco FC,Ziad Tolba,6.52,0,0,15,9,24,62.5,6,9,5,0,0,0.0,0,0.0,0
505,Tala'ea El-Gaish,Marwan Osman,6.52,0,0,36,12,48,75.0,6,30,22,2,0,0.0,2,100.0,0
506,Haras El Hedoud,Gharib Yasser,6.52,0,0,127,34,161,78.88,80,47,15,5,0,0.0,9,69.23,0
507,National Bank of Egypt,Amir Medhat,6.51,0,0,235,67,302,77.81,175,60,11,3,0,0.0,22,37.29,0
508,El Dakhlya,Christopher John,6.51,1,0,251,92,343,73.18,81,180,86,12,10,22.73,6,35.29,0
509,Al Ahly FC,Mohamed Zaalouk,6.50,0,0,2,0,2,100.0,0,2,2,0,0,0.0,0,0.0,0
510,Ismaily,Eiad El Askalany,6.50,0,0,24,5,29,82.76,20,4,2,0,0,0.0,3,42.86,0
511,ENPPI,Alhassan Mubarak,6.50,0,0,0,0,0,0.0,0,0,0,0,0,0.0,0,0.0,0
512,Ghazl El Mahalla,Mohamed Nabih,6.50,0,0,33,1,34,97.06,27,6,1,0,0,0.0,2,100.0,0
513,Al-Ittihad Alexandria,Ahmed Hamdeen,6.50,0,0,7,0,7,100.0,0,7,5,0,0,0.0,0,0.0,0
514,Haras El Hedoud,Salisu Mobarak,6.50,0,0,3,2,5,60.0,1,2,1,0,0,0.0,0,0.0,0
515,Al-Mokawloon,Ahmed Rashwan,6.50,0,0,2,1,3,66.67,0,2,1,1,0,0.0,0,0.0,0
516,Haras El Hedoud,Ahmed Ali Kamel,6.50,0,0,4,6,10,40.0,3,1,1,0,0,0.0,0,0.0,0
517,Tala'ea El-Gaish,Akinade Moses Ibukun,6.50,0,0,18,9,27,66.67,8,10,3,1,0,0.0,1,50.0,0
518,Ghazl El Mahalla,Ibrahim Ayesh,6.50,0,0,61,24,85,71.76,34,28,13,1,1,50.0,13,61.9,0
519,El Dakhlya,Hesham Sabry,6.50,0,0,18,4,22,81.82,7,11,6,0,0,0.0,2,100.0,0
520,Al-Masry,Islam El Mizzayn,6.50,1,0,31,26,57,54.39,13,18,7,1,0,0.0,5,26.32,0
521,Ghazl El Mahalla,Hany Adel,6.50,0,0,58,20,78,74.36,34,26,13,2,2,40.0,6,50.0,0
522,Aswan SC,Abdul Aziz Mousa,6.50,0,0,43,13,56,76.79,25,19,9,1,1,100.0,4,44.44,0
523,Ghazl El Mahalla,Mostafa Osama,6.50,0,0,58,14,72,80.56,24,34,9,3,0,0.0,3,37.5,0
524,Haras El Hedoud,Momen Awad,6.50,0,0,176,79,255,69.02,96,85,45,4,5,20.0,20,34.48,0
525,El Dakhlya,Hussein Ragab,6.48,0,0,111,63,174,63.79,52,62,29,3,3,33.33,6,35.29,0
526,National Bank of Egypt,Moussa Diawara,6.48,1,0,68,30,98,69.39,25,45,27,2,2,20.0,6,54.55,0
527,Ghazl El Mahalla,Tarek Samy,6.48,0,0,43,21,64,67.19,22,21,7,1,0,0.0,6,46.15,0
528,Ismaily,Ahmed Mohsen,6.48,0,0,118,28,146,80.82,52,67,35,2,1,7.14,7,36.84,0
529,ENPPI,Ahmed Nader Hawash,6.47,1,1,85,30,115,73.91,38,48,24,5,1,16.67,2,22.22,0
530,Zamalek SC,Youssef Obama,6.47,0,0,40,10,50,80.0,9,32,14,1,1,50.0,0,0.0,0
531,Al Ahly FC,Rafaat Khalil,6.46,0,0,47,18,65,72.31,16,31,13,1,0,0.0,1,33.33,0
532,Tala'ea El-Gaish,Ashraf Magdy,6.46,0,0,26,5,31,83.87,5,21,13,0,0,0.0,2,100.0,0
533,Aswan SC,Ahmed Belya,6.45,0,0,13,12,25,52.0,11,2,1,0,0,0.0,1,14.29,0
534,Haras El Hedoud,Mahmoud Abou-Gouda,6.45,0,0,51,27,78,65.38,19,32,14,1,0,0.0,1,25.0,0
535,El Dakhlya,Fahd Gomaa,6.44,0,0,41,14,55,74.55,13,28,17,4,0,0.0,2,66.67,0
536,Zamalek SC,Abdallah Gomaa,6.43,0,0,75,25,100,75.0,36,39,22,1,0,0.0,6,54.55,0
537,Al-Masry,Anthony Okpotu,6.43,1,1,21,10,31,67.74,8,13,5,1,0,0.0,0,0.0,0
538,Al-Mokawloon,Mohamed Shawky Gharib,6.42,0,0,56,38,94,59.57,24,33,14,2,1,9.09,6,21.43,0
539,Aswan SC,Imad El Kabbou,6.40,0,0,9,3,12,75.0,3,6,2,0,0,0.0,0,0.0,0
540,Zamalek SC,Mohamad Salah Zaki,6.40,0,0,14,0,14,100.0,1,13,10,0,0,0.0,0,0.0,0
541,Ismaily,Ahmed Abdel Wahab,6.40,0,0,8,4,12,66.67,3,6,1,0,1,33.33,0,0.0,0
542,Smouha,Rida El Barjiji,6.40,0,0,10,5,15,66.67,2,8,1,0,0,0.0,0,0.0,0
543,Ceramica Cleopatra,Amer Mohamed,6.40,0,0,22,14,36,61.11,21,1,0,0,0,0.0,8,36.36,0
544,Al-Mokawloon,Ahmed Abo Egela,6.40,0,0,11,9,20,55.0,6,5,2,0,0,0.0,2,50.0,0
545,Al-Masry,Mohamed Fawzy Gad,6.40,0,0,18,12,30,60.0,9,9,5,0,0,0.0,0,0.0,0
546,Al-Mokawloon,Mohamed Abdelnasser,6.40,0,0,1,1,2,50.0,0,1,0,0,0,0.0,0,0.0,0
547,Pharco FC,Mohammad Fouad,6.40,0,0,26,6,32,81.25,9,17,6,1,0,0.0,2,50.0,0
548,Aswan SC,Bai Kamara,6.40,0,0,12,6,18,66.67,3,10,3,0,1,50.0,0,0.0,0
549,Haras El Hedoud,Ahmed Amer,6.40,0,0,23,13,36,63.89,11,12,9,0,0,0.0,1,20.0,0
550,Ismaily,AbouBakr El Gamal,6.40,0,0,4,2,6,66.67,1,3,2,1,0,0.0,0,0.0,0
551,El Dakhlya,Mahmoud Ezzat,6.40,0,0,0,4,4,0.0,0,0,0,0,0,0.0,0,0.0,0
552,Ceramica Cleopatra,Gabriel Chukwudi,6.40,0,0,13,10,23,56.52,1,12,7,0,0,0.0,3,100.0,0
553,Ismaily,Hamdi Nagguez,6.40,0,0,152,56,208,73.08,81,77,32,4,6,27.27,10,34.48,0
554,Zamalek SC,Zakaria El Wardi,6.37,0,0,36,7,43,83.72,16,20,12,2,0,0.0,2,66.67,0
555,National Bank of Egypt,Hossam El Saana,6.35,0,0,18,5,23,78.26,11,7,2,0,0,0.0,3,75.0,0
556,Pharco FC,Walid Farag,6.34,0,0,68,20,88,77.27,21,47,27,2,0,0.0,2,33.33,0
557,Al-Ittihad Alexandria,Mohamed Fares,6.34,0,0,149,45,194,76.8,73,77,36,1,1,9.09,9,45.0,0
558,Haras El Hedoud,Ahmed Kasem,6.33,0,0,19,7,26,73.08,8,11,6,0,0,0.0,1,33.33,0
559,Al-Ittihad Alexandria,Fawzi El Henawy,6.31,0,0,114,42,156,73.08,58,58,29,2,2,25.0,4,25.0,0
560,ENPPI,Dejan Meleg,6.30,0,0,4,5,9,44.44,2,2,1,0,0,0.0,0,0.0,0
561,Tala'ea El-Gaish,El Sayed Abou Amenah,6.30,0,0,22,5,27,81.48,14,8,3,0,0,0.0,0,0.0,0
562,Smouha,Ahmed Ali Amin,6.30,0,0,3,1,4,75.0,2,1,0,0,0,0.0,0,0.0,0
563,Ghazl El Mahalla,Sayed Shabrawy,6.28,0,0,142,48,190,74.74,94,51,26,2,3,37.5,10,34.48,0
564,Aswan SC,Mahmoud Salah,6.28,1,0,31,14,45,68.89,8,23,14,1,0,0.0,1,33.33,0
565,Pharco FC,Marwan Magdy,6.22,0,0,15,3,18,83.33,5,10,3,0,0,0.0,1,100.0,0
566,Modern Future FC,Hesham Hafez,6.20,0,0,28,7,35,80.0,15,13,3,0,0,0.0,2,40.0,0
567,Al-Ittihad Alexandria,Elsayed Salem,6.20,0,0,64,23,87,73.56,33,31,12,1,0,0.0,2,20.0,0
568,Al-Ittihad Alexandria,Ahmed Bahaa,5.82,0,0,110,21,131,83.97,53,58,24,2,1,33.33,4,30.77,0
569,National Bank of Egypt,Mahmoud El Zanfaly,5.80,0,0,4,0,4,100.0,1,3,2,0,0,0.0,4,100.0,0
570,Modern Future FC,Mostafa Ashraf,-,0,0,0,0,0,0.0,0,0,0,0,0,0.0,0,0.0,0
571,Aswan SC,Khaled Walid,-,0,0,0,0,0,0.0,0,0,0,0,0,0.0,0,0.0,0
572,Aswan SC,Islam Soliman,-,0,0,0,0,0,0.0,0,0,0,0,0,0.0,0,0.0,0
573,Pyramids FC,Youssef Shaaban,-,0,0,0,0,0,0.0,0,0,0,0,0,0.0,0,0.0,0
574,National Bank of Egypt,Khaled Mostafa,-,0,0,0,0,0,0.0,0,0,0,0,0,0.0,0,0.0,0
575,Modern Future FC,Mohamed Tarek,-,0,0,0,0,0,0.0,0,0,0,0,0,0.0,0,0.0,0
576,Pyramids FC,Mohamed Samy,-,0,0,0,0,0,0.0,0,0,0,0,0,0.0,0,0.0,0
577,Pyramids FC,Abdel Rahman Ayman,-,0,0,0,0,0,0.0,0,0,0,0,0,0.0,0,0.0,0
578,Pharco FC,Sabry Gad,-,0,0,0,0,0,0.0,0,0,0,0,0,0.0,0,0.0,0
579,Pyramids FC,Seif Ezzat,-,0,0,0,0,0,0.0,0,0,0,0,0,0.0,0,0.0,0
580,Tala'ea El-Gaish,Mohamed Ghazal,-,0,0,0,0,0,0.0,0,0,0,0,0,0.0,0,0.0,0
581,Ceramica Cleopatra,Eslam Risha,-,0,0,0,0,0,0.0,0,0,0,0,0,0.0,0,0.0,0
582,Pyramids FC,Mahmoud Gamal,-,0,0,0,0,0,0.0,0,0,0,0,0,0.0,0,0.0,0
583,National Bank of Egypt,Hossam Ashraf,-,0,0,1,2,3,33.33,0,1,0,0,0,0.0,0,0.0,0
584,National Bank of Egypt,Mohamed Hamed,-,0,0,1,1,2,50.0,0,1,0,0,0,0.0,0,0.0,0
585,Al-Masry,Mohamed El Zareef,-,0,0,1,1,2,50.0,0,1,1,0,0,0.0,0,0.0,0
586,Pharco FC,Ahmed Abdulaziz,-,0,0,0,0,0,0.0,0,0,0,0,0,0.0,0,0.0,0
587,Pyramids FC,Youssef Nader,-,0,0,2,0,2,100.0,2,0,0,0,0,0.0,1,100.0,0
588,Pharco FC,Hesham Fathallah,-,0,0,0,0,0,0.0,0,0,0,0,0,0.0,0,0.0,0
589,Aswan SC,Alaa Salama,-,0,0,6,0,6,100.0,0,6,3,0,0,0.0,0,0.0,0
590,El Dakhlya,Mustafa Abdelkader,-,0,0,0,0,0,0.0,0,0,0,0,0,0.0,0,0.0,0
591,Al-Mokawloon,Ademola Shobowale,-,0,0,0,0,0,0.0,0,0,0,0,0,0.0,0,0.0,0
592,Ismaily,Mohamed Wagdi,-,0,0,2,1,3,66.67,1,1,1,0,0,0.0,0,0.0,0
593,Aswan SC,Elhusseini Samir,-,0,0,5,1,6,83.33,2,3,1,0,0,0.0,2,66.67,0
594,Ceramica Cleopatra,Abdelrahman Hassan,-,0,0,4,0,4,100.0,0,4,3,0,0,0.0,0,0.0,0
595,Aswan SC,Gamal El Said,-,0,0,1,0,1,100.0,0,1,1,1,0,0.0,0,0.0,0
596,Aswan SC,Amin Mohamed Amin,-,0,0,1,0,1,100.0,1,0,0,0,0,0.0,0,0.0,0
597,El Dakhlya,Gamal Montasser,-,0,0,1,0,1,100.0,0,1,1,0,0,0.0,0,0.0,0
598,Modern Future FC,Bello Babatunde Martins,-,0,0,2,1,3,66.67,1,1,0,0,0,0.0,0,0.0,0
599,Pyramids FC,Ibrahim Sheta,-,0,0,1,0,1,100.0,1,0,0,0,0,0.0,0,0.0,0
600,Ghazl El Mahalla,Atef Al Hakim,-,0,0,2,0,2,100.0,0,2,2,1,0,0.0,0,0.0,0
601,Ghazl El Mahalla,Ahmad Algeaidy,-,0,0,9,0,9,100.0,1,8,5,0,0,0.0,0,0.0,0
